objectid,filename,youtubeid,vimeoid,title,creator,date,description,subject,location,latitude,longitude,source,identifier,type,format,language,rights,rightsstatement,
coll001,test001,,,"Administration Building, University of Idaho, No. 30 pp. 2-3",Pacific Photo Co.,1910-10-14,Follow the Alt-Text guide,Follow metadata guide,Follow maps group guide,46.725562,-117.009633,"PG 9, Postcard Collection, University of Idaho Library Special Collections and Archives",pg_9_12_01bl,Follow metadata guide,image/jpeg,eng,Public domain,http://rightsstatements.org/vocab/NoC-US/1.0/,
coll002,oocihm.lac_reel_c4715.1156,,,List of Immigrant Children 306830 p. 4,"Dr. Barnardo's Homes; Owen, Alfred B.",1906-06-03,"List of Barnardo Home Children sent to Toronto, Niagara, and Peterborough; The form has been filled in by hand, there is a strikethough the names of the children in the bottom half of the document",Dr. Barnardo’s Homes; passenger list; child identification; child originins; SS Dominion ,"Liverpool, England",53.440608,-3.003598,"Barnardo Homes. Form A, June 3, 1906. Canadiana Collections. https://n2t.net/ark:/69429/m0jq0sq8r23n  ",oocihm.lac_reel_c4715.1156,Image; Ship manifest; Handwritten,image/jpeg,eng,Public domain,"CC: if no one les is taking on the rights statement, I can decide on one for us",
coll003,oocihm.lac_reel_c4715.1157.jpg,,,List of Immigrant Children 1157,"Barnardo Homes; Owen, Alfred B.",1906-06-03,"List of Barnardo Home Children sent to Toronto, Niagara, and Peterborough; The form has been filled in by hand, there is a strikethough the names of the children in the bottom half of the document",Dr. Barnardo’s Homes; passenger list; child identification; child originins; SS Dominion ,"Liverpool, England",53.440608,-3.003598,"Barnardo Homes. Form A, June 3, 1906. Canadiana Collections. https://n2t.net/ark:/69429/m0jq0sq8r23n  ",oocihm.lac_reel_c4715.1157,Image,image/jpeg,eng,Public domain,,
coll004,oocihm.lac_reel_c4715.1158.jpg,,,List of Immigrant Children 1158,Alfred B. Owen; Barnardo Homes,1906-06-05,"List of Barnardo Home Children sent to Quebec City, Canada from Liverpool, England; Form is filled in by hand; Girl's Home",Dr. Barnardo’s Homes; passenger list; child identification; child originins; SS Dominion; Girl's home,"Liverpool, England",53.440608,-3.003598,"Barnardo Homes. Form A, June 5, 1906. Canadiana Collections. https://n2t.net/ark:/69429/m0jq0sq8r23n  ",oocihm.lac_reel_c4715.1158,Image,image/jpeg,eng,Public domain,,
coll005,oocihm.lac_reel_c4715.1159.jpg,,,List of Immigrant Children 1159,Alfred B. Owen; Barnardo Homes,1906-06-05,"List of Barnardo Home Children sent to Quebec City, Canada from Liverpool, England; Form is filled in by hand; Girl's Home; Alfred F. Jury",Dr. Barnardo’s Homes; passenger list; child identification; child originins; SS Dominion; Girl's home,"Liverpool, England",53.440608,-3.003598,"Barnardo Homes. Form A, June 5, 1906. Canadiana Collections. https://n2t.net/ark:/69429/m0jq0sq8r23n  ",oocihm.lac_reel_c4715.1159,Image,image/jpeg,eng,Public domain,,
coll006,oocihm.lac_reel_c4715.1160.jpg,,,List of Immigrant Children 1160,Alfred B. Owen; Barnardo Homes,1906-06-03,"List of Barnardo Home Children sent to Toronto and Peterborough; The form has been filled in by hand, there is a strikethough the names of the children",Dr. Barnardo’s Homes; passenger list; child identification; child originins; SS Dominion ,"Liverpool, England",53.440608,-3.003598,"Barnardo Homes. Form A, June 3, 1906. Canadiana Collections. https://n2t.net/ark:/69429/m0jq0sq8r23n  ",oocihm.lac_reel_c4715.1160,Image,image/jpeg,eng,Public domain,,
coll007,oocihm.lac_reel_c4715.1161.jpg,,,List of Immigrant Children 1161,Alfred B. Owen; Barnardo Homes,1906-06-03,"List of Barnardo Home Children sent to Toronto and Peterborough; The form has been filled in by hand, there is a strikethough the names of the children",Dr. Barnardo’s Homes; passenger list; child identification; child originins; SS Dominion ,"Liverpool, England",53.440608,-3.003598,"Barnardo Homes. Form A, June 3, 1906. Canadiana Collections. https://n2t.net/ark:/69429/m0jq0sq8r23n  ",oocihm.lac_reel_c4715.1161,Image,image/jpeg,eng,Public domain,,
coll008,oocihm.lac_reel_c4715.1162.jpg,,,List of Immigrant Children 1162,Alfred B. Owen; Barnardo Homes,1906-06-03,"List of Barnardo Home Children sent to Quebec City, Canada from Liverpool, England; Form is filled in by hand; there is a strikethough the names of the children",Dr. Barnardo’s Homes; passenger list; child identification; child originins; SS Dominion ,"Liverpool, England",53.440608,-3.003598,"Barnardo Homes. Form A, June 3, 1906. Canadiana Collections. https://n2t.net/ark:/69429/m0jq0sq8r23n  ",oocihm.lac_reel_c4715.1162,,image/jpeg,eng,Public domain,,
coll009,oocihm.lac_reel_c4715.1163.jpg,,,List of Immigrant Children 1163,Alfred B. Owen; Barnardo Homes,1906-06-03,"List of Barnardo Home Children sent to Quebec City, Canada from Liverpool, England; Form is filled in by hand; there is a strikethough the names of the children",Dr. Barnardo’s Homes; passenger list; child identification; child originins; SS Dominion ,"Liverpool, England",53.440608,-3.003598,"Barnardo Homes. Form A, June 3, 1906. Canadiana Collections. https://n2t.net/ark:/69429/m0jq0sq8r23n  ",oocihm.lac_reel_c4715.1163,,image/jpeg,eng,Public domain,,
coll010,oocihm.lac_reel_c4715.1164.jpg,,,List of Immigrant Children 1164,Alfred B. Owen; Barnardo Homes,1906-05-24,"List of Barnardo Home Children sent to Quebec City, Canada from Liverpool, England; Form is filled in by hand; there is a strikethough the names of the children",Dr. Barnardo’s Homes; passenger list; child identification; child originins; SS Dominion ,"Liverpool, England",53.440608,-3.003598,"Barnardo Homes. Form A, May 24, 1906. Canadiana Collections. https://n2t.net/ark:/69429/m0jq0sq8r23n  ",oocihm.lac_reel_c4715.1164,,image/jpeg,eng,Public domain,,
coll011,oocihm.lac_reel_c4715.1165.jpg,,,List of Immigrant Children 1165,Alfred B. Owen; Barnardo Homes,1906-05-24,"List of Barnardo Home Children sent to Quebec City, Canada from Liverpool, England; Form is filled in by hand; there is a strikethough the names of the children; Alfred F. Jury",Dr. Barnardo’s Homes; passenger list; child identification; child originins; SS Dominion ,"Liverpool, England",53.440608,-3.003598,"Barnardo Homes. Form A, May 24, 1906. Canadiana Collections. https://n2t.net/ark:/69429/m0jq0sq8r23n  ",oocihm.lac_reel_c4715.1165,,image/jpeg,eng,Public domain,,
coll012,oocihm.lac_reel_c4715.1166.jpg,,,List of Immigrant Children 1166,Alfred B. Owen; Barnardo Homes,1906-06-03,"List of Barnardo Home Children sent to Quebec City, Canada from Liverpool, England; Form is filled in by hand; some text is typed; form author attests children have passed medical inspection","Dr. Barnardo’s Homes; passenger list; child identification; child originins; SS Dominion; UK Workhouse Unions; Stanford Union; Westminster Union; St. George's Union; Sheffield Union; Southam Union; Preston Union, Elham Union; Berkhamstead Union; inspection","Liverpool, England",53.440608,-3.003598,"Barnardo Homes. Form B, June 3, 1906. Canadiana Collections. https://n2t.net/ark:/69429/m0jq0sq8r23n  ",oocihm.lac_reel_c4715.1166,,image/jpeg,eng,Public domain,,
coll013,oocihm.lac_reel_c4715.1167.jpg,,,List of Immigrant Children 1167,Alfred B. Owen; Barnardo Homes,1906-06-03,"List of Barnardo Home Children sent to Quebec City, Canada from Liverpool, England; Form is filled in by hand; some text is typed; Alfred F. Jury",Dr. Barnardo’s Homes; passenger list; child identification; child originins; SS Dominion; UK Workhouse Unions; Sheffield Union; Preston Union; Middlesbrough Union; Newport Union; inspection,"Liverpool, England",53.440608,-3.003598,"Barnardo Homes. Form B, June 3, 1906. Canadiana Collections. https://n2t.net/ark:/69429/m0jq0sq8r23n  ",oocihm.lac_reel_c4715.1167,,image/jpeg,eng,Public domain,,
coll014,oocihm.lac_reel_c4715.1168.jpg,,,List of Immigrant Children 1168,Alfred B. Owen; Barnardo Homes,1906-06-03,"List of Barnardo Home Children sent to Quebec City, Canada from Liverpool, England; Toronto and Peterborough distribution homes; Form is filled in by hand; some text is typed; form author attests children have passed medical inspection","Dr. Barnardo’s Homes; passenger list; child identification; child originins; SS Dominion; UK Workhouse Unions; Sheffield Union; Newport Union, Woolwich Union; Walsingham Union; inpsection","Liverpool, England",53.440608,-3.003598,"Barnardo Homes. Form B, June 3, 1906. Canadiana Collections. https://n2t.net/ark:/69429/m0jq0sq8r23n  ",oocihm.lac_reel_c4715.1168,,image/jpeg,eng,Public domain,,
coll015,oocihm.lac_reel_c4715.1169.jpg,,,List of Immigrant Children 1169,Alfred B. Owen; Barnardo Homes,1906-06-03,Continuation of 1168; Form is filled in by hand; some text is typed; no children listed on page; Alfred F. Jury,Dr. Barnardo’s Homes; inspection,"Liverpool, England",53.440608,-3.003598,"Barnardo Homes. Form B, June 3, 1906. Canadiana Collections. https://n2t.net/ark:/69429/m0jq0sq8r23n  ",oocihm.lac_reel_c4715.1169,,image/jpeg,eng,Public domain,,
coll016,oocihm.lac_reel_c4715.1170.jpg,,,"Letter to G. Bogue Smart, Esq., Canadian Department of the Interior",Alfred B. Owen; Barnardo Homes,1906-08-14,Typed; Letter to G. Bogue Smart; Canada; Department of the Interior; Response to request for statistics on number of children sent to Canada through Barnardo Homes during 1906 fiscal year; Alfred B. Owen,"Dr. Barnardo’s Homes; Department of the Interior; governance; Toronto, CA; Ottawa, CA; statistics","Toronto, Canada",43.65323,-79.38318,"Barnardo Homes. Letter to Canadian Department of Interior, August 14, 1906. Canadiana Collections. https://n2t.net/ark:/69429/m0jq0sq8r23n  ",oocihm.lac_reel_c4715.1170,,image/jpeg,eng,Public domain,,
coll017,oocihm.lac_reel_c4715.1171.jpg,,,List of Immigrant Children 1171,Alfred B. Owen; Barnardo Homes,1906-05-07,List of children sent from Liverpool to Dr. Barnardo Homes distribution centers in Toronto and Peterborough; Form is typed; Signed by Alfred B. Owen and S.G. Crowall,Dr. Barnardo’s Homes; passenger list; child identification; child originins; SS Friesland; Girl's Home,"Liverpool, England",53.440608,-3.003598,"Barnardo Homes. Form A, May 7, 1906. Canadiana Collections. https://n2t.net/ark:/69429/m0jq0sq8r23n  ",oocihm.lac_reel_c4715.1171,,image/jpeg,eng,Public domain,,
coll018,oocihm.lac_reel_c4715.1172.jpg,,,List of Immigrant Children 1172,Alfred B. Owen; Barnardo Homes,1906-05-07,Continuation of 1171 list of children sent from Liverpool to Dr. Barnardo Homes distribution centers in Toronto and Peterborough; Form is typed,Dr. Barnardo’s Homes; passenger list; child identification; child originins; SS Friesland; Girl's Home,"Liverpool, England",53.440608,-3.003598,"Barnardo Homes. Form A, May 7, 1906. Canadiana Collections. https://n2t.net/ark:/69429/m0jq0sq8r23n  ",oocihm.lac_reel_c4715.1172,,image/jpeg,eng,Public domain,,
coll019,oocihm.lac_reel_c4715.1173.jpg,,,List of Immigrant Children 1173,Barnardo Homes,1906-04-18,Form A; Page is empty or indeciphrapble,Dr. Barnardo’s Homes,"Liverpool, England",53.440608,-3.003598,"Barnardo Homes. Form A, April 18, 1906. Canadiana Collections. https://n2t.net/ark:/69429/m0jq0sq8r23n  ",oocihm.lac_reel_c4715.1173,,image/jpeg,eng,Public domain,,
coll020,oocihm.lac_reel_c4715.1174.jpg,,,List of Immigrant Children 1174,Alfred F. Jury; Barnardo Homes,1906-04-18,Continuation of list of children; children in care of a Miss Gibbs; Form is typed,Dr. Barnardo’s Homes; passenger list; child identification; child originins; SS Friesland,"Liverpool, England",53.440608,-3.003598,"Barnardo Homes. Form A, April 18, 1906. Canadiana Collections. https://n2t.net/ark:/69429/m0jq0sq8r23n  ",oocihm.lac_reel_c4715.1174,,image/jpeg,eng,Public domain,,
coll021,oocihm.lac_reel_c4715.1175.jpg,,,List of Immigrant Children 1175,Alfred B. Owen; Barnardo Homes,1906-05-07,"List of Barnardo Home Children sent to Toronto and Peterborough distribution homes from Liverpool, England; Form is filled in by hand; some text is typed; form author attests children have passed medical inspection; children in care of a Miss Gibbs; Alfred F. Jury; cannot make out final Workhouse Union on page",Dr. Barnardo’s Homes; passenger list; child identification; child originins; SS Friesland; UK Workhouse Unions; Lichfield Union; Southamstead Union; Leeds Union; Horsham Union; ,"Liverpool, England",53.440608,-3.003598,"Barnardo Homes. Form B, May 7, 1906. Canadiana Collections. https://n2t.net/ark:/69429/m0jq0sq8r23n  ",oocihm.lac_reel_c4715.1175,,image/jpeg,eng,Public domain,,
coll022,oocihm.lac_reel_c4715.1176.jpg,,,List of Immigrant Children 1176,Alfred B. Owen; Barnardo Homes,1906-03-27,"List of Barnardo Home Children sent to Toronto and Peterborough; The form has been filled in by hand, there is a strikethough the names of the children in the bottom half of the document; John Hoolahan",Dr. Barnardo’s Homes; passenger list; child identification; child originins; SS Dominion,"Liverpool, England",53.440608,-3.003598,"Barnardo Homes. Form A, March 27, 1906. Canadiana Collections. https://n2t.net/ark:/69429/m0jq0sq8r23n  ",oocihm.lac_reel_c4715.1176,,image/jpeg,eng,Public domain,,
coll023,oocihm.lac_reel_c4715.1177.jpg,,,List of Immigrant Children 1177,Alfred B. Owen; Barnardo Homes,1906-03-27,"Continuation of 1176 list of Barnardo Home Children sent to Toronto and Peterborough; The form has been filled in by hand, there is a strikethough the names of the children in the bottom half of the document",Dr. Barnardo’s Homes; passenger list; child identification; child originins; SS Dominion,"Liverpool, England",53.440608,-3.003598,"Barnardo Homes. Form A, March 27, 1906. Canadiana Collections. https://n2t.net/ark:/69429/m0jq0sq8r23n  ",oocihm.lac_reel_c4715.1177,,image/jpeg,eng,Public domain,,
coll024,oocihm.lac_reel_c4715.1178.jpg,,,List of Immigrant Children 1178,Alfred B. Owen; Barnardo Homes,----------,"List of children sent from Liverpool to Dr. Barnardo Homes distribution centers in Toronto, Peterborough, Winnipeg, and Manitoba; Form is filled in by hand; strikethrough names",Dr. Barnardo’s Homes; passenger list; child identification; child originins; SS Dominion,"Liverpool, England",53.440608,-3.003598,"Barnardo Homes. Form A, n.d. Canadiana Collections. https://n2t.net/ark:/69429/m0jq0sq8r23n  ",oocihm.lac_reel_c4715.1178,,image/jpeg,eng,Public domain,,
coll025,oocihm.lac_reel_c4715.1179.jpg,,,List of Immigrant Children 1179,Alfred B. Owen; Barnardo Homes,----------,"Continuation of 1178 list of children sent from Liverpool to Dr. Barnardo Homes distribution centers in Toronto, Peterborough, Winnipeg, and Manitoba; Form is filled in by hand; strikethrough names",Dr. Barnardo’s Homes; passenger list; child identification; child originins; SS Dominion,"Liverpool, England",53.440608,-3.003598,"Barnardo Homes. Form A, n.d. Canadiana Collections. https://n2t.net/ark:/69429/m0jq0sq8r23n  ",oocihm.lac_reel_c4715.1179,,image/jpeg,eng,Public domain,,
coll026,oocihm.lac_reel_c4715.1180.jpg,,,List of Immigrant Children 1180,Alfred B. Owen; Barnardo Homes,----------,"List of children sent from Liverpool to Dr. Barnardo Homes distribution centers in Toronto, Peterborough, Winnipeg, and Manitoba; Form is filled in by hand; strikethrough names",Dr. Barnardo’s Homes; passenger list; child identification; child originins; SS Dominion,"Liverpool, England",53.440608,-3.003598,"Barnardo Homes. Form A, n.d. Canadiana Collections. https://n2t.net/ark:/69429/m0jq0sq8r23n  ",oocihm.lac_reel_c4715.1180,,image/jpeg,eng,Public domain,,
coll027,oocihm.lac_reel_c4715.1181.jpg,,,List of Immigrant Children 488564 p. 6,Barnardo Homes; Alfred B. Owen; John Hoolahan,1906-03-27,"List of Barnardo Home Children leaving London; The form has been filled in by hand, there is a strike through the names of three children as well as check marks beside the names of all children.",Dr. Barnardo’s Homes; passenger list; child identification; child origins; SS Dominion ,"Liverpool, England",53.440608,-3.003598,Barnardo Homes. Canadiana Collections. ,oocihm.lac_reel_c4715.1181,Image; Ship manifest; Handwritten,image/jpeg,eng,Public domain,,
coll028,oocihm.lac_reel_c4715.1182.jpg,,,List of Immigrant Children 488564 p.7,Barnardo Homes; Alfred B. Owen; John Hoolahan,1906-03-27,"List of Barnardo Home Children sent to Toronto, Peterborough, Winnipeg, Manitoba; The form has been filled in by hand.",Dr. Barnardo’s Homes; passenger list; child identification; child origins; SS Dominion ,"Liverpool, England",53.440608,-3.003598,"Barnardo Homes. Form A, March 8, 1906, p. 1. Canadiana Collections. https://n2t.net/ark:/69429/m0jq0sq8r23n",oocihm.lac_reel_c4715.1182,Image; Ship manifest; Handwritten,image/jpeg,eng,Public domain,,
coll029,oocihm.lac_reel_c4715.1183.jpg,,,List of Immigrant Children 488564 p.8,Barnardo Homes; John Hoolahan; Alfred Fleury,1906-03-27,"List of Barnardo Home Children sent to Toronto, Peterborough, Winnipeg, Manitoba; The form has been filled in by hand and includes a written note in the margin.",Dr. Barnardo’s Homes; passenger list; child identification; child origins; SS Dominion ,"Liverpool, England",53.440608,-3.003598,"Barnardo Homes. Form A, March 8, 1906, p. 2. Canadiana Collections. https://n2t.net/ark:/69429/m0jq0sq8r23n",oocihm.lac_reel_c4715.1183,Image; Ship manifest; Handwritten,image/jpeg,eng,Public domain,,
coll030,oocihm.lac_reel_c4715.1184.jpg,,,List of Immigrant Children 488564 p.9,Barnardo Homes; John Hoolahan; Alfred B. Owen,1906-03-27,List of Barnardo Home Children received in Montreal; The form has been filled in by hand. ,Dr. Barnardo’s Homes; passenger list; child identification; child origins; SS Dominion ,"Montreal, Canada",45.50265,-73.57211,"Barnardo Homes. Form B, March 27, 1906, p. 1. Canadiana Collections. https://n2t.net/ark:/69429/m0jq0sq8r23n",oocihm.lac_reel_c4715.1184,Image; Ship manifest; Handwritten,image/jpeg,eng,Public domain,,
coll031,oocihm.lac_reel_c4715.1185.jpg,,,List of Immigrant Children 488564 p. 10,Barnardo Homes; Alfred Fleury; John Hoolahan,1906-03-27,List of Barnardo Home Children received in Montreal; The form has been filled in by hand. ,Dr. Barnardo’s Homes; passenger list; child identification; child origins; SS Dominion ,"Montreal, Canada",45.50265,-73.57211,"Barnardo Homes. Form B, March 27, 1906, p. 2. Canadiana Collections. https://n2t.net/ark:/69429/m0jq0sq8r23n",oocihm.lac_reel_c4715.1185,Image; Ship manifest; Handwritten,image/jpeg,eng,Public domain,,
coll032,oocihm.lac_reel_c4715.1186.jpg,,,List of Immigrant Children 441484,Barnardo Homes; Alfred B. Owen; Alfred Fleury,1905-10-26,List of single Barnardo Home Child sent to Peterborough; The form has been filled in by hand.,Dr. Barnardo’s Homes; passenger list; child identification; child origins ,"Liverpool, England",53.440608,-3.003598,"Barnardo Homes. Form A, October 26, 1905, p. 1. Canadiana Collections. https://n2t.net/ark:/69429/m0jq0sq8r23n",oocihm.lac_reel_c4715.1186,Image; Ship manifest; Handwritten,image/jpeg,eng,Public domain,,
coll033,oocihm.lac_reel_c4715.1187.jpg,,,List of Immigrant Children 441484,Barnardo Homes; P. S.,1905-10-26,Form certifying that a child is desirable to Canada; The form has been filled in by hand.,Dr. Barnardo’s Homes; passenger list; child identification; child origins ,"Liverpool, England",53.440608,-3.003598,"Barnardo Homes. Form A, October 26, 1905, p. 2, Canadiana Collections. https://n2t.net/ark:/69429/m0jq0sq8r23n",oocihm.lac_reel_c4715.1187,Image; Ship manifest; Handwritten,image/jpeg,eng,Public domain,,
coll034,oocihm.lac_reel_c4715.1188.jpg,,,Dr. Barnardo's Homes Colonization Scheme p. 1,Barnardo Homes; T. J. Barnardo,1890------,"Cover page of a book title ""Dr. Barnardo's Homes Colonization Scheme"" in italicized font centered on the cover.",Dr. Barnardo's Homes,"Peterborough, Canada",44.30557,-78.31346,"Dr. Barnardo's Homes Colonization Scheme. Cover page, 1890. Canadiana Collections. https://n2t.net/ark:/69429/m0jq0sq8r23n",oocihm.lac_reel_c4715.1188,Image,image/jpeg,eng,Public domain,,
coll035,oocihm.lac_reel_c4715.1189.jpg,,,Dr. Barnardo's Homes Colonization Scheme p. 2,Barnardo Homes; T. J. Barnardo,1890------,"Table of contents page from ""Dr. Barnardo's Homes Colonization Scheme""; The page includes typed text in various fonts and sizes.",Dr. Barnardo's Homes,"Peterborough, Canada",44.30557,-78.31346,"Dr. Barnardo's Homes Colonization Scheme. Table of contents page, 1890. Canadiana Collections. https://n2t.net/ark:/69429/m0jq0sq8r23n",oocihm.lac_reel_c4715.1189,Image,image/jpeg,eng,Public domain,,
coll036,oocihm.lac_reel_c4715.1190.jpg,,,Dr. Barnardo's Homes Colonization Scheme p. 3,Barnardo Homes; T. J. Barnardo,1890------,"Page from ""Dr. Barnardo's Homes Colonization Scheme""; The page is typed out in large blocks of text with headings.",Dr. Barnardo's Homes,"Peterborough, Canada",44.30557,-78.31346,"Dr. Barnardo's Homes Colonization Scheme. P. 3, 1890. Canadiana Collections. https://n2t.net/ark:/69429/m0jq0sq8r23n",oocihm.lac_reel_c4715.1190,Image,image/jpeg,eng,Public domain,,
coll037,oocihm.lac_reel_c4715.1191.jpg,,,Dr. Barnardo's Homes Colonization Scheme p. 4-5,Barnardo Homes; T. J. Barnardo,1890------,"Pages from ""Dr. Barnardo's Homes Colonization Scheme""; The pages are typed out in large blocks of text with headings.",Dr. Barnardo's Homes,"Peterborough, Canada",44.30557,-78.31346,"Dr. Barnardo's Homes Colonization Scheme. P. 4-5, 1890. Canadiana Collections. https://n2t.net/ark:/69429/m0jq0sq8r23n",oocihm.lac_reel_c4715.1191,Image,image/jpeg,eng,Public domain,,
coll038,oocihm.lac_reel_c4715.1192.jpg,,,Dr. Barnardo's Homes Colonization Scheme p. 6-7,Barnardo Homes; T. J. Barnardo,1890------,"Pages from ""Dr. Barnardo's Homes Colonization Scheme""; The pages are typed out in large blocks of text with headings.",Dr. Barnardo's Homes,"Peterborough, Canada",44.30557,-78.31346,"Dr. Barnardo's Homes Colonization Scheme. P. 6-7, 1890. Canadiana Collections. https://n2t.net/ark:/69429/m0jq0sq8r23n",oocihm.lac_reel_c4715.1192,Image,image/jpeg,eng,Public domain,,
coll039,oocihm.lac_reel_c4715.1193.jpg,,,Dr. Barnardo's Homes Colonization Scheme p. 8-9,Barnardo Homes; T. J. Barnardo,1890------,"Pages from ""Dr. Barnardo's Homes Colonization Scheme""; The pages are typed out in large blocks of text with headings; The second page includes a table with list of expenses in the left-most column and dollar amounts in the other columns.",Dr. Barnardo's Homes,"Peterborough, Canada",44.30557,-78.31346,"Dr. Barnardo's Homes Colonization Scheme. P. 8-9, 1890. Canadiana Collections. https://n2t.net/ark:/69429/m0jq0sq8r23n",oocihm.lac_reel_c4715.1193,Image,image/jpeg,eng,Public domain,,
coll040,oocihm.lac_reel_c4715.1194.jpg,,,Dr. Barnardo's Homes Colonization Scheme p. 10-11,Barnardo Homes; T. J. Barnardo,1890------,"Pages from ""Dr. Barnardo's Homes Colonization Scheme""; The pages are typed out in large blocks of text; The second page is left blank.",Dr. Barnardo's Homes,"Peterborough, Canada",44.30557,-78.31346,"Dr. Barnardo's Homes Colonization Scheme. P. 10-11, 1890. Canadiana Collections. https://n2t.net/ark:/69429/m0jq0sq8r23n",oocihm.lac_reel_c4715.1194,Image,image/jpeg,eng,Public domain,,
coll041,oocihm.lac_reel_c4715.1195.jpg,,,,,,,,,,,,oocihm.lac_reel_c4715.1195,,image/jpeg,eng,Public domain,,
coll042,oocihm.lac_reel_c4715.1196.jpg,,,,,,,,,,,,oocihm.lac_reel_c4715.1196,,image/jpeg,eng,Public domain,,
coll043,oocihm.lac_reel_c4715.1197.jpg,,,,,,,,,,,,oocihm.lac_reel_c4715.1197,,image/jpeg,eng,Public domain,,
coll044,oocihm.lac_reel_c4715.1198.jpg,,,,,,,,,,,,oocihm.lac_reel_c4715.1198,,image/jpeg,eng,Public domain,,
coll045,oocihm.lac_reel_c4715.1199.jpg,,,,,,,,,,,,oocihm.lac_reel_c4715.1199,,image/jpeg,eng,Public domain,,
coll046,oocihm.lac_reel_c4715.1200.jpg,,,,,,,,,,,,oocihm.lac_reel_c4715.1200,,image/jpeg,eng,Public domain,,
coll047,oocihm.lac_reel_c4715.1201.jpg,,,,,,,,,,,,oocihm.lac_reel_c4715.1201,,image/jpeg,eng,Public domain,,
coll048,oocihm.lac_reel_c4715.1202.jpg,,,,,,,,,,,,oocihm.lac_reel_c4715.1202,,image/jpeg,eng,Public domain,,
coll049,oocihm.lac_reel_c4715.1203.jpg,,,,,,,,,,,,oocihm.lac_reel_c4715.1203,,image/jpeg,eng,Public domain,,
coll050,oocihm.lac_reel_c4715.1204.jpg,,,List of Immigrant Children on Board 426549,"Dr. Barnardo's Homes; Owen, Alfred B.",1905-09-28,List of Barnardo Home Children sent to Toronto and Peterborough. Form is filled by hand and signed at the bottom. There are names of children above the signature with one being crossed out. ,Dr. Barnardo’s Homes; passenger list; child identification; child originins; SS Dominion,"Liverpool, England",53.440608,-3.003598,"Barnardo Homes. Form B, September 28, 1905. Canadiana Collections. ",oocihm.lac_reel_c4715.1204,Image; Ship manifest; Handwritten,image/jpeg,eng,Public domain,,
coll051,oocihm.lac_reel_c4715.1205.jpg,,,List of Immigrant Children on Board ,"Dr. Barnardo's Homes; Owen, Alfred B.",1905-09-28,End of document with handwritten note and signature ,Dr. Barnardo’s Homes; passenger list; child identification; child originins; SS Dominion,"Liverpool, England",53.440608,-3.003598,"Barnardo Homes. Form B, September 28, 1905. Canadiana Collections. ",oocihm.lac_reel_c4715.1205,Image; Ship manifest; Handwritten,image/jpeg,eng,Public domain,,
coll052,oocihm.lac_reel_c4715.1206.jpg,,,List of Immigrant Children on Board 424280,"Dr. Barnardo's Homes; Owen, Alfred B.",1905-09-30,"List of Barnardo Home Children sent to Quebec; the form has been filled in by hand, there is a strikethrough the names of the children",Dr. Barnardo’s Homes; passenger list; child identification; child originins; SS Dominion,"Liverpool, England",53.440608,-3.003598,"Barnardo Homes. Form A, September 30, 1905. Canadiana Collections. ",oocihm.lac_reel_c4715.1206,Image; Ship manifest; Handwritten,image/jpeg,eng,Public domain,,
coll053,oocihm.lac_reel_c4715.1207.jpg,,,List of Immigrant Children on Board; No Number,"Dr. Barnardo's Homes; Owen, Alfred B.",1905-09-21,"List of Barnardo Home Children sent to Quebec; the form has been filled in by hand, there is a strikethrough the names of the children",Dr. Barnardo’s Homes; passenger list; child identification; child originins; SS Dominion," 
 	
Liverpool, England",53.440608,-3.003598,,oocihm.lac_reel_c4715.1207,Image; Ship manifest; Handwritten,image/jpeg,eng,Public domain,,
coll054,oocihm.lac_reel_c4715.1208.jpg,,,List of Immigrant Children on Board 410796,"Dr. Barnardo's Homes; Owen, Alfred B.",1905-08-03,"List of Barnardo Home Children sent to Quebec; the form has been filled in by hand, there is a strikethrough the names of the children",Dr. Barnardo’s Homes; passenger list; child identification; child originins; SS Dominion," 
 	
Liverpool, England",53.440608,-3.003598,"Barnardo Homes. Form B, August 3, 1905. Canadiana Collections. ",oocihm.lac_reel_c4715.1208,Image; Ship manifest; Handwritten,image/jpeg,eng,Public domain,,
coll055,oocihm.lac_reel_c4715.1209.jpg,,,List of Immigrant Children on Board; No Number,"Dr. Barnardo's Homes; Owen, Alfred B.",1905-08-03,"List of Barnardo Home Children sent to Quebec; the form has been filled in by hand, there is a strikethrough the names of the children",Dr. Barnardo’s Homes; passenger list; child identification; child originins; SS Dominion," 
 	
Liverpool, England",53.440608,-3.003598,"Barnardo Homes. Form B, August 3, 1905. Canadiana Collections. ",oocihm.lac_reel_c4715.1209,Image; Ship manifest; Handwritten,image/jpeg,eng,Public domain,,
coll056,oocihm.lac_reel_c4715.1210.jpg,,,List of Immigrant Children on Board 410796,"Dr. Barnardo's Homes; Owen, Alfred B.",1905-08-12,"List of Barnardo Home Children sent to Quebec; the form has been filled in by hand, there is a strikethrough the names of the children",Dr. Barnardo’s Homes; passenger list; child identification; child originins; SS Dominion," 
 	
Liverpool, England",53.440608,-3.003598,"Barnardo Homes. Form B, August 12, 1905. Canadiana Collections. ",oocihm.lac_reel_c4715.1210,Image; Ship manifest; Handwritten,image/jpeg,eng,Public domain,,
coll057,oocihm.lac_reel_c4715.1211.jpg,,,List of Immigrant Children on Board,"Dr. Barnardo's Homes; Owen, Alfred B.",1905------,"List of Barnardo Home Children sent to Toronto, Niagara, and Peterborough; The form has been filled in by hand, there is a strikethough the names of the children",Dr. Barnardo’s Homes; passenger list; child identification; child originins; SS Dominion," 
 	
Liverpool, England",53.440608,-3.003598,,oocihm.lac_reel_c4715.1211,Image; Ship manifest; Handwritten,image/jpeg,eng,Public domain,,
coll058,oocihm.lac_reel_c4715.1212.jpg,,,List of Immigrant Children on Board 410796,"Dr. Barnardo's Homes; Owen, Alfred B.",1905-08-12,"List of Barnardo Home Children sent to Quebec; the form has been filled in by hand, there is a strikethrough the names of the children",Dr. Barnardo’s Homes; passenger list; child identification; child originins; SS Dominion," 
 	
Liverpool, England",53.440608,-3.003598,"Barnardo Homes. Form B, August 12, 1905. Canadiana Collections. ",oocihm.lac_reel_c4715.1212,Image; Ship manifest; Handwritten,image/jpeg,eng,Public domain,,
coll059,oocihm.lac_reel_c4715.1213.jpg,,,List of Immigrant Children on Board ,"Dr. Barnardo's Homes; Owen, Alfred B.",1905-08-03,End of document with handwritten note and signature ,Dr. Barnardo’s Homes; passenger list; child identification; child originins; SS Dominion," 
 	
Liverpool, England",53.440608,-3.003598,"Barnardo Homes. Form B, August 3, 1905. Canadiana Collections. ",oocihm.lac_reel_c4715.1213,Image; Ship manifest; Handwritten,image/jpeg,eng,Public domain,,
coll060,oocihm.lac_reel_c4715.1214.jpg,,,List of Immigrant Children on Board 410796,"Dr. Barnardo's Homes; Owen, Alfred B.",1905-08-12,"List of Barnardo Home Children sent to Quebec; the form has been filled in by hand, there is a strikethrough the names of the children",Dr. Barnardo’s Homes; passenger list; child identification; child originins; SS Dominion," 
 	
Liverpool, England",53.440608,-3.003598,"Barnardo Homes. Form A, August 12, 1905. Canadiana Collections. ",oocihm.lac_reel_c4715.1214,Image; Ship manifest; Handwritten,image/jpeg,eng,Public domain,,
coll061,oocihm.lac_reel_c4715.1215.jpg,,,List of Immigrant Children on Board,"Dr. Barnardo's Homes; Owen, Alfred B.",1905------,"List of Barnardo Home Children sent to Quebec; the form has been filled in by hand, there is a strikethrough the names of the children",Dr. Barnardo’s Homes; passenger list; child identification; child originins; SS Dominion," 
 	
Liverpool, England",53.440608,-3.003598,,oocihm.lac_reel_c4715.1215,Image; Ship manifest; Handwritten,image/jpeg,eng,Public domain,,
coll062,oocihm.lac_reel_c4715.1216.jpg,,,List of Immigrant Children on Board 410796,"Dr. Barnardo's Homes; Owen, Alfred B.",1905-08-12,"List of Barnardo Home Children sent to Quebec; the form has been filled in by hand, there is a strikethrough the names of the children",Dr. Barnardo’s Homes; passenger list; child identification; child originins; SS Dominion," 
 	
Liverpool, England",53.440608,-3.003598,"Barnardo Homes. Form A, August 12, 1905. Canadiana Collections. ",oocihm.lac_reel_c4715.1216,Image; Ship manifest; Handwritten,image/jpeg,eng,Public domain,,
coll063,oocihm.lac_reel_c4715.1217.jpg,,,List of Immigrant Children on Board,"Dr. Barnardo's Homes; Owen, Alfred B.",1905-08---,"List of Barnardo Home Children sent to Quebec; the form has been filled in by hand, there is a strikethrough the names of the children",Dr. Barnardo’s Homes; passenger list; child identification; child originins; SS Dominion," 
 	
Liverpool, England",53.440608,-3.003598,,oocihm.lac_reel_c4715.1217,Image; Ship manifest; Handwritten,image/jpeg,eng,Public domain,,
coll064,oocihm.lac_reel_c4715.1218.jpg,,,List of Immigrant Children on Board 410796,"Dr. Barnardo's Homes; Owen, Alfred B.",1905-08-12,"List of Barnardo Home Children sent to Quebec; the form has been filled in by hand, there is a strikethrough the names of the children",Dr. Barnardo’s Homes; passenger list; child identification; child originins; SS Dominion," 
 	
Liverpool, England",53.440608,-3.003598,"Barnardo Homes. Form A, August 12, 1905. Canadiana Collections. ",oocihm.lac_reel_c4715.1218,Image; Ship manifest; Handwritten,image/jpeg,eng,Public domain,,
coll065,oocihm.lac_reel_c4715.1219.jpg,,,List of Immigrant Children on Board,"Dr. Barnardo's Homes; Owen, Alfred B.",1905-08-03,End of document with handwritten note and signature ,Dr. Barnardo’s Homes; passenger list; child identification; child originins; SS Dominion," 
 	
Liverpool, England",53.440608,-3.003598,,oocihm.lac_reel_c4715.1219,Image; Ship manifest; Handwritten,image/jpeg,eng,Public domain,,
coll066,oocihm.lac_reel_c4715.1220.jpg,,,List of Immigrant Children on Board 410796,"Dr. Barnardo's Homes; Owen, Alfred B.",1905-08-12,"List of Barnardo Home Children sent to Quebec; the form has been filled in by hand, there is a strikethrough the names of the children",Dr. Barnardo’s Homes; passenger list; child identification; child originins; SS Dominion," 
 	
Liverpool, England",53.440608,-3.003598,"Barnardo Homes. Form A, August 12, 1905. Canadiana Collections. ",oocihm.lac_reel_c4715.1220,Image; Ship manifest; Handwritten,image/jpeg,eng,Public domain,,
coll067,oocihm.lac_reel_c4715.1221.jpg,,,List of Immigrant Children on Board,"Dr. Barnardo's Homes; Owen, Alfred B.",1905------,"List of Barnardo Home Children sent to Quebec; the form has been filled in by hand, there is a strikethrough the names of the children",Dr. Barnardo’s Homes; passenger list; child identification; child originins; SS Dominion," 
 	
Liverpool, England",53.440608,-3.003598,,oocihm.lac_reel_c4715.1221,Image; Ship manifest; Handwritten,image/jpeg,eng,Public domain,,
coll068,oocihm.lac_reel_c4715.1222.jpg,,,List of Immigrant Children on Board 410796,"Dr. Barnardo's Homes; Owen, Alfred B.",1905-08-12,"List of Barnardo Home Children sent to Quebec; the form has been filled in by hand, there is a strikethrough the names of the children",Dr. Barnardo’s Homes; passenger list; child identification; child originins; SS Dominion," 
 	
Liverpool, England",53.440608,-3.003598,"Barnardo Homes. Form A, August 12, 1905. Canadiana Collections. ",oocihm.lac_reel_c4715.1222,Image; Ship manifest; Handwritten,image/jpeg,eng,Public domain,,
coll069,oocihm.lac_reel_c4715.1223.jpg,,,List of Immigrant Children on Board,"Dr. Barnardo's Homes; Owen, Alfred B.",1905------,"List of Barnardo Home Children sent to Quebec; the form has been filled in by hand, there is a strikethrough the names of the children",Dr. Barnardo’s Homes; passenger list; child identification; child originins; SS Dominion," 
 	
Liverpool, England",53.440608,-3.003598,,oocihm.lac_reel_c4715.1223,Image; Ship manifest; Handwritten,image/jpeg,eng,Public domain,,
coll070,oocihm.lac_reel_c4715.1224.jpg,,,List of Immigrant Children on Board 410796,"Dr. Barnardo's Homes; Owen, Alfred B.",1905-08-12,"List of Barnardo Home Children sent to Quebec; the form has been filled in by hand, there is a strikethrough the names of the children",Dr. Barnardo’s Homes; passenger list; child identification; child originins; SS Dominion," 
 	
Liverpool, England",53.440608,-3.003598,"Barnardo Homes. Form A, August 12, 1905. Canadiana Collections. ",oocihm.lac_reel_c4715.1224,Image; Ship manifest; Handwritten,image/jpeg,eng,Public domain,,
coll071,oocihm.lac_reel_c4715.1225.jpg,,,List of Immigrant Children on Board,"Dr. Barnardo's Homes; Owen, Alfred B.",1905------,"List of Barnardo Home Children sent to Quebec; the form has been filled in by hand, there is a strikethrough the names of the children",Dr. Barnardo’s Homes; passenger list; child identification; child originins; SS Dominion," 
 	
Liverpool, England",53.440608,-3.003598,,oocihm.lac_reel_c4715.1225,Image; Ship manifest; Handwritten,image/jpeg,eng,Public domain,,
coll072,oocihm.lac_reel_c4715.1226.jpg,,,List of Immigrant Children on Board 410796,"Dr. Barnardo's Homes; Owen, Alfred B.",1905-08-12,"List of Barnardo Home Children sent to Quebec; the form has been filled in by hand, there is a strikethrough the names of the children",Dr. Barnardo’s Homes; passenger list; child identification; child originins; SS Dominion," 
 	
Liverpool, England",53.440608,-3.003598,"Barnardo Homes. Form A, August 12, 1905. Canadiana Collections. ",oocihm.lac_reel_c4715.1226,Image; Ship manifest; Handwritten,image/jpeg,eng,Public domain,,
coll073,oocihm.lac_reel_c4715.1227.jpg,,,List of Immigrant Children on Board,"Dr. Barnardo's Homes; Owen, Alfred B.",1905------,"List of Barnardo Home Children sent to Quebec; the form has been filled in by hand, there is a strikethrough the names of the children",Dr. Barnardo’s Homes; passenger list; child identification; child originins; SS Dominion," 
 	
Liverpool, England",53.440608,-3.003598,,oocihm.lac_reel_c4715.1227,Image; Ship manifest; Handwritten,image/jpeg,eng,Public domain,,
coll074,oocihm.lac_reel_c4715.1228.jpg,,,List of Immigrant Children 410796 p. 5,"Barnardo Homes; Owen, Alfred B.",1905-08-12,"List of Barnardo Home Children sent to Quebec; the form has been filled in by hand, there is a strikethrough the names of the children",Dr. Barnardo’s Homes; Leopold House; passenger list; child identification; child origins; SS Dominion ,"Liverpool, England",53.440608,-3.003598,"Barnardo Homes. Form A, August 12, 1905. Canadiana Collections. ",oocihm.lac_reel_c4715.1228,Image; Ship manifest; Handwritten,image/jpeg,eng,Public domain,,
coll075,oocihm.lac_reel_c4715.1229.jpg,,,List of Immigrant Children 410796 p. 5,"Barnardo Homes; Owen, Alfred B.",1905-08-12,"List of Barnardo Home Children sent to Quebec; the form has been filled in by hand, there is a strikethrough the names of the children",Dr. Barnardo’s Homes; Leopold House; passenger list; child identification; child origins; SS Dominion ,"Liverpool, England",53.440608,-3.003598,"Barnardo Homes. Form A, August 12, 1905. Canadiana Collections. ",oocihm.lac_reel_c4715.1229,Image; Ship manifest; Handwritten,image/jpeg,eng,Public domain,,
coll076,oocihm.lac_reel_c4715.1230.jpg,,,List of Immigrant Children 410796 p. 6,"Barnardo Homes; Owen, Alfred B.",1905-08-12,"List of Barnardo Home Children sent to Quebec; the form has been filled in by hand, there is a strikethrough the names of the children",Dr. Barnardo’s Homes; Leopold House; passenger list; child identification; child origins; SS Dominion ,"Liverpool, England",53.440608,-3.003598,"Barnardo Homes. Form A, August 12, 1905. Canadiana Collections. ",oocihm.lac_reel_c4715.1230,Image; Ship manifest; Handwritten,image/jpeg,eng,Public domain,,
coll077,oocihm.lac_reel_c4715.1231.jpg,,,List of Immigrant Children 1231 p. 6,"Barnardo Homes; Owen, Alfred B.",1905-08-12,"List of Barnardo Home Children sent to Quebec; the form has been filled in by hand, there is a strikethrough the names of the children",Dr. Barnardo’s Homes; Leopold House; passenger list; child identification; child origins; SS Dominion ,"Liverpool, England",53.440608,-3.003598,"Barnardo Homes. Form A, August 12, 1905. Canadiana Collections. ",oocihm.lac_reel_c4715.1231,Image; Ship manifest; Handwritten,image/jpeg,eng,Public domain,,
coll078,oocihm.lac_reel_c4715.1232.jpg,,,List of Immigrant Children 1232 p. 7,"Barnardo Homes; Owen, Alfred B.",1905-08-12,"List of Barnardo Home Children sent to Quebec; the form has been filled in by hand, there is a strikethrough the names of the children",Dr. Barnardo’s Homes; Leopold House; passenger list; child identification; child origins; SS Dominion ,"Liverpool, England",53.440608,-3.003598,"Barnardo Homes. Form A, August 12, 1905. Canadiana Collections. ",oocihm.lac_reel_c4715.1232,Image; Ship manifest; Handwritten,image/jpeg,eng,Public domain,,
coll079,oocihm.lac_reel_c4715.1233.jpg,,,List of Immigrant Children 1233 p. 7,"Barnardo Homes; Owen, Alfred B.",1905-08-12,"List of Barnardo Home Children sent to Quebec; the form has been filled in by hand, there is a strikethrough the names of the children",Dr. Barnardo’s Homes; Leopold House; passenger list; child identification; child origins; SS Dominion ,"Liverpool, England",53.440608,-3.003598,"Barnardo Homes. Form A, August 12, 1905. Canadiana Collections. ",oocihm.lac_reel_c4715.1233,Image; Ship manifest; Handwritten,image/jpeg,eng,Public domain,,
coll080,oocihm.lac_reel_c4715.1234.jpg,,,List of Immigrant Children 407575 p. 1,"Barnardo Homes; Harmer, John",1905-08-05,"List of Barnardo Home Children sent to Quebec; the form has been filled in by hand, there is a strikethrough the names of the children and a handwritten note and signature",Dr. Barnardo’s Homes; Leopold House; passenger list; child identification; child origins; SS Southwark,"Liverpool, England",53.440608,-3.003598,"Barnardo Homes. Form A, August 5, 1905. Canadiana Collections. ",oocihm.lac_reel_c4715.1234,Image; Ship manifest; Handwritten,image/jpeg,eng,Public domain,,
coll081,oocihm.lac_reel_c4715.1235.jpg,,,List of Immigrant Children 407575 p. 1,"Barnardo Homes; Harmer, John",1905-08-05,End of document with handwritten note and signature ,Dr. Barnardo’s Homes; Youths' Labour House; passenger list; child identification; child origins; SS Southwark,"Liverpool, England",53.440608,-3.003598,"Barnardo Homes. Form A, August 5, 1905. Canadiana Collections. ",oocihm.lac_reel_c4715.1235,Image; Ship manifest; Handwritten,image/jpeg,eng,Public domain,,
coll082,oocihm.lac_reel_c4715.1236.jpg,,,List of Immigrant Children 399741 p. 1,"Barnardo Homes; Owen, Alfred B.",1905-07-01,"List of Barnardo Home Children sent to Quebec; the form has been filled in by hand, there is a strikethrough the names of the children ",Dr. Barnardo’s Homes; Youths' Labour House; passenger list; child identification; child origins; SS Southwark,"Liverpool, England",53.440608,-3.003598,"Barnardo Homes. Form A, July 1, 1905. Canadiana Collections. ",oocihm.lac_reel_c4715.1236,Image; Ship manifest; Handwritten,image/jpeg,eng,Public domain,,
coll083,oocihm.lac_reel_c4715.1237.jpg,,,List of Immigrant Children 399741 p. 1,"Barnardo Homes; Owen, Alfred B.",1905-07-01,"List of Barnardo Home Children sent to Quebec; the form has been filled in by hand, there is a strikethrough the names of the children ",Dr. Barnardo’s Homes; Youths' Labour House; Boys' House; passenger list; child identification; child origins; SS Southwark,"Liverpool, England",53.440608,-3.003598,"Barnardo Homes. Form A, July 1, 1905. Canadiana Collections. ",oocihm.lac_reel_c4715.1237,Image; Ship manifest; Handwritten,image/jpeg,eng,Public domain,,
coll084,oocihm.lac_reel_c4715.1238.jpg,,,List of Immigrant Children 399741 p. 2,"Barnardo Homes; Owen, Alfred B.",1905-07-01,"List of Barnardo Home Children sent to Quebec; the form has been filled in by hand, there is a strikethrough the names of the children ",Dr. Barnardo’s Homes; Boys' House; passenger list; child identification; child origins; SS Southwark,"Liverpool, England",53.440608,-3.003598,"Barnardo Homes. Form A, July 1, 1905. Canadiana Collections. ",oocihm.lac_reel_c4715.1238,Image; Ship manifest; Handwritten,image/jpeg,eng,Public domain,,
coll085,oocihm.lac_reel_c4715.1239.jpg,,,List of Immigrant Children 399741 p. 2,"Barnardo Homes; Owen, Alfred B.",1905-07-01,"List of Barnardo Home Children sent to Quebec; the form has been filled in by hand, there is a strikethrough the names of the children ",Dr. Barnardo’s Homes; Boys' House; passenger list; child identification; child origins; SS Southwark,"Liverpool, England",53.440608,-3.003598,"Barnardo Homes. Form A, July 1, 1905. Canadiana Collections. ",oocihm.lac_reel_c4715.1239,Image; Ship manifest; Handwritten,image/jpeg,eng,Public domain,,
coll086,oocihm.lac_reel_c4715.1240.jpg,,,List of Immigrant Children 399741 p. 3,"Barnardo Homes; Owen, Alfred B.",1905-07-01,"List of Barnardo Home Children sent to Quebec; the form has been filled in by hand, there is a strikethrough the names of the children ",Dr. Barnardo’s Homes; Leopold House; passenger list; child identification; child origins; SS Southwark,"Liverpool, England",53.440608,-3.003598,"Barnardo Homes. Form A, July 1, 1905. Canadiana Collections. ",oocihm.lac_reel_c4715.1240,Image; Ship manifest; Handwritten,image/jpeg,eng,Public domain,,
coll087,oocihm.lac_reel_c4715.1241.jpg,,,List of Immigrant Children 399741 p. 3,"Barnardo Homes; Owen, Alfred B.",1905-07-01,"List of Barnardo Home Children sent to Quebec; the form has been filled in by hand, there is a strikethrough the names of the children ",Dr. Barnardo’s Homes; Leopold House; passenger list; child identification; child origins; SS Southwark,"Liverpool, England",53.440608,-3.003598,"Barnardo Homes. Form A, July 1, 1905. Canadiana Collections. ",oocihm.lac_reel_c4715.1241,Image; Ship manifest; Handwritten,image/jpeg,eng,Public domain,,
coll088,oocihm.lac_reel_c4715.1242.jpg,,,List of Immigrant Children 399741 p. 4,"Barnardo Homes; Owen, Alfred B.",1905-07-01,"List of Barnardo Home Children sent to Quebec; the form has been filled in by hand, there is a strikethrough the names of the children ",Dr. Barnardo’s Homes; Mittendorff House; passenger list; child identification; child origins; SS Southwark,"Liverpool, England",53.440608,-3.003598,"Barnardo Homes. Form A, July 1, 1905. Canadiana Collections. ",oocihm.lac_reel_c4715.1242,Image; Ship manifest; Handwritten,image/jpeg,eng,Public domain,,
coll089,oocihm.lac_reel_c4715.1243.jpg,,,List of Immigrant Children 399741 p. 4,"Barnardo Homes; Owen, Alfred B.",1905-07-01,"List of Barnardo Home Children sent to Quebec; the form has been filled in by hand, there is a strikethrough the names of the children ",Dr. Barnardo’s Homes; Mittendorff House; passenger list; child identification; child origins; SS Southwark,"Liverpool, England",53.440608,-3.003598,"Barnardo Homes. Form A, July 1, 1905. Canadiana Collections. ",oocihm.lac_reel_c4715.1243,Image; Ship manifest; Handwritten,image/jpeg,eng,Public domain,,
coll090,oocihm.lac_reel_c4715.1244.jpg,,,List of Immigrant Children 399741 p. 5,"Barnardo Homes; Owen, Alfred B.",1905-07-01,"List of Barnardo Home Children sent to Quebec; the form has been filled in by hand, there is a strikethrough the names of the children ",Dr. Barnardo’s Homes; Sheppard House; passenger list; child identification; child origins; SS Southwark,"Liverpool, England",53.440608,-3.003598,"Barnardo Homes. Form A, July 1, 1905. Canadiana Collections. ",oocihm.lac_reel_c4715.1244,Image; Ship manifest; Handwritten,image/jpeg,eng,Public domain,,
coll091,oocihm.lac_reel_c4715.1245.jpg,,,List of Immigrant Children 399741 p. 5,"Barnardo Homes; Owen, Alfred B.",1905-07-01,"List of Barnardo Home Children sent to Quebec; the form has been filled in by hand, there is a strikethrough the names of the children and a handwritten note and signature",Dr. Barnardo’s Homes; Sheppard House; passenger list; child identification; child origins; SS Southwark,"Liverpool, England",53.440608,-3.003598,"Barnardo Homes. Form A, July 1, 1905. Canadiana Collections. ",oocihm.lac_reel_c4715.1245,Image; Ship manifest; Handwritten,image/jpeg,eng,Public domain,,
coll092,oocihm.lac_reel_c4715.1246.jpg,,,List of Immigrant Children on Board,"Barnardo Homes; Owen, Alfred B.",1905-07-01,"List of Barnardo Home Children sent to Quebec; the form has been filled in by hand, there is a strikethrough the names of the children",Dr. Barnardo’s Homes; passenger list; child identification; child origins; SS Southwark; Glouster Union; Greenwich Union; Isle of Thanet Union,"Liverpool, England",53.440608,-3.003598,"Barnardo Homes. Form B, July 1, 1905. Canadiana Collections. ",oocihm.lac_reel_c4715.1246,Image; Ship manifest; Handwritten,image/jpeg,eng,Public domain,,
coll093,oocihm.lac_reel_c4715.1247.jpg,,,List of Immigrant Children on Board,"Barnardo Homes; Owen, Alfred B.",1905-07-01,"List of Barnardo Home Children sent to Quebec; the form has been filled in by hand, there is a strikethrough the names of the children",Dr. Barnardo’s Homes; passenger list; child identification; child origins; SS Southwark; Glouster Union; Greenwich Union; Isle of Thanet Union; Fareham Union,"Liverpool, England",53.440608,-3.003598,"Barnardo Homes. Form B, July 1, 1905. Canadiana Collections. ",oocihm.lac_reel_c4715.1247,Image; Ship manifest; Handwritten,image/jpeg,eng,Public domain,,
coll094,oocihm.lac_reel_c4715.1248.jpg,,,List of Immigrant Children on Board,"Barnardo Homes; Owen, Alfred B.",1905-07-01,"List of Barnardo Home Children sent to Quebec; the form has been filled in by hand, there is a strikethrough the names of the children",Dr. Barnardo’s Homes; passenger list; child identification; child origins; SS Southwark; Glouster Union; Greenwich Union; Isle of Thanet Union,"Liverpool, England",53.440608,-3.003598,"Barnardo Homes. Form B, July 1, 1905. Canadiana Collections. ",oocihm.lac_reel_c4715.1248,Image; Ship manifest; Handwritten,image/jpeg,eng,Public domain,,
coll095,oocihm.lac_reel_c4715.1249.jpg,,,List of Immigrant Children on Board,"Barnardo Homes; Owen, Alfred B.",1905-07-01,"List of Barnardo Home Children sent to Quebec; the form has been filled in by hand, there is a strikethrough the names of the children",Dr. Barnardo’s Homes; passenger list; child identification; child origins; SS Southwark; Fareham Union; Greenwich Union; Isle of Thanet Union,"Liverpool, England",53.440608,-3.003598,"Barnardo Homes. Form B, July 1, 1905. Canadiana Collections. ",oocihm.lac_reel_c4715.1249,,image/jpeg,eng,Public domain,,
coll096,oocihm.lac_reel_c4715.1250.jpg,,,List of Immigrant Children on Board 392451,"Barnardo Homes; Owen, Alfred B.",1905-06-05,"List of Barnardo Home Children sent to Quebec; the form has been filled in by hand, there is a strikethrough the names of the children",Dr. Barnardo’s Homes; passenger list; child identification; child origins; SS Dominion; South Shields Union; Stepney Union; Newport Union; Hampstead Union; Taunton Union,"Liverpool, England",53.440608,-3.003598,"Barnardo Homes. Form B, June 5, 1905. Canadiana Collections. ",oocihm.lac_reel_c4715.1250,,image/jpeg,eng,Public domain,,
coll097,oocihm.lac_reel_c4715.1251.jpg,,,List of Immigrant Children ,"Dr. Barnado's Homes; Owen, Alfred B.;  Jury, Alfred, Doyle, P",1905-05-25,"List of Barnado Home Children sent to Peterborough. The form has been filled in by hand, there is a strike through through the name and origin of one of the children. ","Dr Barnado's Homes passenger list, girls home, child identification, child origins, SS Dominon","Quebec City, Canada",46.821154,-71.205822,"Barnado Homes. Form B. May 25, 1905. Library and Archives Canada, https://n2t.net/ark:/69429/m0jq0sq8r23n",oocihm.lac_reel_c4715.1251,,image/jpeg,eng,Public domain,,
coll098,oocihm.lac_reel_c4715.1252.jpg,,,"Letter from A. Owen of Dr. Barnado's Homes, 390364 ","Dr. Barnado's Homes; Owen, Alfred B.",1905-05-29,"List of Barnado Home Children's dates of birth sent to Ottawa, Ontario; The form has been typed; there is a line through the names of the children and body of the letter. ","Dr. Barnado's Homes; Alfred B. Owen; Tronto Boys’ Home; 214 Farley Ave; Child Identification; dates of birth
","Toronto, Canada",43.646305,-79.405358,Barnado Homes. 1905 Library and Archives Canada. https://n2t.net/ark:/69429/m0jq0sq8r23n ,oocihm.lac_reel_c4715.1252,"Image, Typped Letter",image/jpeg,eng,Public domain,,
coll099,oocihm.lac_reel_c4715.1253.jpg,,,List of Immigrant Children 379522. p. 1,"Dr. Barnado's Homes; Owen, Alfred B.; Hoolahan, John",1905-04-12,"List of Barnado Home Children sent to Toronto, Hazelbrae, Peterborough, and Winnepeg; The form has been filled in by hand, there is a strike through through the name and origin of one of the children. ","Dr Barnado's Homes passenger list, child identification, child origins, SS. Kensignton","Montreal, Canada",45.50086,-73.567005,"Barnado Homes. Form A. April 12, 1905. Library and Archives Canada, https://n2t.net/ark:/69429/m0jq0sq8r23n",oocihm.lac_reel_c4715.1253,"Image, Ship manifest; Handwritten",image/jpeg,eng,Public domain,,
coll100,oocihm.lac_reel_c4715.1254.jpg,,,List of Immigrant Children 379522. p. 2,"Dr. Barnado's Homes; Owen, Alfred B.; John Hoolahan, illegible signature",1905-04-13,"List of Barnado Home Children sent to Toronto, Hazelbrae, Peterborough, and Winnipeg; The form has been typed and filled by hand, it has three signatures.","Dr Barnado's Homes passenger list, child identification, child origins, SS. Kensignton","Montreal, Canada",45.50086,-73.567005,"Barnado Homes. Form A. April 12, 1905. Library and Archives Canada, https://n2t.net/ark:/69429/m0jq0sq8r23n",oocihm.lac_reel_c4715.1254,"Image, Ship manifest; Handwritten",image/jpeg,eng,Public domain,,
coll101,oocihm.lac_reel_c4715.1255.jpg,,,List of Immigrant Children 375688. p. 1,"Dr. Barnado;s Homes; Owen, Alfred B.",1904-11-04,"List of Barnado Home Children sent to Toronto, Hazelbrae, Peterborough, and Winnipeg; The form has been filled by hand and has a strikehough the names of the children in the bottom half of the document","Dr Barnado's Homes passenger list, Girls' homes, child identification, child origins, SS. Canada","Quebec City, Canada",46.821154,-71.205822,"Barnado Homes. Form B. November 4, 1904. Library and Archives Canada, https://n2t.net/ark:/69429/m0jq0sq8r23n",oocihm.lac_reel_c4715.1255,"Image, Ship manifest; Handwritten",image/jpeg,eng,Public domain,,
coll102,oocihm.lac_reel_c4715.1256.jpg,,,List of Immigrant Children 375688. p. 2,"Doyle, P.; JP",1904-10-27,"List of Barnado Home Children sent to Toronto, Hazelbrae, Peterborough, and Winnipeg; The form has been filled by hand.","Dr Barnado's Homes passenger list, Girls' homes, child identification, child origins, SS. Canada","Liverpool, England",53.440608,-3.003598,"Barnado Homes. Form B. October 27. 1904. Library and Archives Canada, https://n2t.net/ark:/69429/m0jq0sq8r23n",oocihm.lac_reel_c4715.1256,"Image, Ship manifest; Handwritten",image/jpeg,eng,Public domain,,
coll103,oocihm.lac_reel_c4715.1257.jpg,,,List of Immigrant Children 375688. p. 1,"Dr. Barnado;s Homes; Owen, Alfred B.",1904-11-04,"List of Barnado Home Children sent toToronto, Hazelbrae, Peterborough, and Winnipeg; The form has been filled by hand and has a strikehough the names of the children in the bottom half of the document","Dr Barnado's Homes passenger list, Boys' homes, child identification, child origins, SS. Canada","Quebec City, Canada",46.821154,-71.205822,"Barnado Homes. Form B. November 4. 1904. Library and Archives Canada, https://n2t.net/ark:/69429/m0jq0sq8r23n",oocihm.lac_reel_c4715.1257,"Image, Ship manifest; Handwritten",image/jpeg,eng,Public domain,,
coll104,oocihm.lac_reel_c4715.1258.jpg,,,List of Immigrant Children 375688. p. 2," Jury, Alfred A., Owen, Alfred B, Doyle, P.",1904-10-27,"List of Barnado Home Children sent to Toronto, Hazelbrae, Peterborough, and Winnipeg; The form has been filled by hand.","Dr Barnado's Homes passenger list, Boys' homes, child identification, child origins, SS. Canada","Liverpool, England",53.440608,-3.003598,"Barnado Homes. Form B. October 27. 1904. Library and Archives Canada, hhttps://n2t.net/ark:/69429/m0jq0sq8r23n",oocihm.lac_reel_c4715.1258,,image/jpeg,eng,Public domain,,
coll105,oocihm.lac_reel_c4715.1259.jpg,,,List of Immigrant Children 375680. p. 1,"Dr. Barnado's Homes; Owen, Alfred B., Doyle, P. JP.",1904-10-09,"List of Barnado Home Children sent toToronto, Peterborough, Brandon, and Winnipeg; The form has been filled by hand and has a strikehough the names of the children in the bottom half of the document","Dr Barnado's Homes passenger list, Girls' homes, child identification, child origins, SS. Southwark","Quebec City, Canada",46.821154,-71.205822,"Barnado Homes. Form B. October 10. 1904. Library and Archives Canada, https://n2t.net/ark:/69429/m0jq0sq8r23n",oocihm.lac_reel_c4715.1259,,image/jpeg,eng,Public domain,,
coll106,oocihm.lac_reel_c4715.1260.jpg,,,List of Immigrant Children 375680. p. 2," Jury, Alfred A., Owen, Alfred B, Doyle, P.",1904-09-29,"List of Barnado Home Children sent to Toronto, Peterborough, Brandon, and Winnipeg; The form has been filled by hand.","Dr Barnado's Homes passenger list, Girls' homes, child identification, child origins, SS. Southwark","Liverpool, England",53.440608,-3.003598,"Barnado Homes. Form B. September 29. 1904. Library and Archives Canada, https://n2t.net/ark:/69429/m0jq0sq8r23n",oocihm.lac_reel_c4715.1260,,image/jpeg,eng,Public domain,,
coll107,oocihm.lac_reel_c4715.1261.jpg,,,List of Immigrant Children 37689 p.1 ,"Dr. Barnado's Homes; Owen, Alfred B., Doyle, P. JP.",1904-10-09,"List of Barnado Home Children sent toToronto, Peterborough, Brandon, and Winnipeg; The form has been filled by hand and has a strikehough the names of the children in the bottom half of the document","Dr Barnado's Homes passenger list, Boys' homes, child identification, child origins, SS. Southwark","Quebec City, Canada",46.821154,-71.205822,"Barnado Homes. Form B. October 9. 1904. Library and Archives Canada, https://n2t.net/ark:/69429/m0jq0sq8r23n",oocihm.lac_reel_c4715.1261,,image/jpeg,eng,Public domain,,
coll108,oocihm.lac_reel_c4715.1262.jpg,,,List of Immigrant Children 37689 p.2," Jury, Alfred A., Owen, A B, Sazne, P.",1904-09-29,"List of Barnado Home Children sent to Toronto, Peterborough, Brandon, and Winnipeg; The form has been filled by hand.","Dr Barnado's Homes passenger list, Boys' homes, child identification, child origins, SS. Southwark","Liverpool, England",53.440608,-3.003598,"Barnado Homes. Form B. September 29. 1904. Library and Archives Canada, https://n2t.net/ark:/69429/m0jq0sq8r23n",oocihm.lac_reel_c4715.1262,,image/jpeg,eng,Public domain,,
coll109,oocihm.lac_reel_c4715.1263.jpg,,,List of Immigrant Children p.1 ,"Dr. Barnado's Homes; Owen, Alfred B., Doyle, P. JP.",1904-07-31,"List of Barnado Home Children sent toToronto, Peterborough, Brandon, and Winnipeg; The form has been filled by hand and has a strikehough the names of the children in the bottom half of the document","Dr Barnado's Homes passenger list, Boys' homes, child identification, child origins, SS. Southwark","Liverpool, England",53.440608,-3.003598,"Barnado Homes. Form B. July 31. 1904. Library and Archives Canada, hhttps://n2t.net/ark:/69429/m0jq0sq8r23n",oocihm.lac_reel_c4715.1263,,image/jpeg,eng,Public domain,,
coll110,oocihm.lac_reel_c4715.1264.jpg,,,List of Immigrant Children p.2," Jury, Alfred A., Owen, Alfred B, Doyle, P.",1904-07-31,"List of Barnado Home Children sent to Toronto, Peterborough, Brandon, and Winnipeg; The form has been filled by hand.","Dr Barnado's Homes passenger list, Boys' homes, child identification, child origins, SS. Southwark","Liverpool, England",53.440608,-3.003598,"Barnado Homes. Form B. July 31 1904. Library and Archives Canada, https://n2t.net/ark:/69429/m0jq0sq8r23n",oocihm.lac_reel_c4715.1264,,image/jpeg,eng,Public domain,,
coll111,oocihm.lac_reel_c4715.1265.jpg,,,List of Immigrant Children p.1 ,"Dr. Barnado's Homes; Owen, Alfred B., Doyle, P. JP.",1904-07-21,"List of Barnado Home Children sent toToronto, Peterborough, Brandon, and Winnipeg; The form has been filled by hand and has a strikehough the names of the children in the bottom half of the document","Dr Barnado's Homes passenger list, girls' homes, child identification, child origins, SS. Southwark","Liverpool, England",53.440608,-3.003598,"Barnado Homes. Form B. July 21. 1904. Library and Archives Canada, https://n2t.net/ark:/69429/m0jq0sq8r23n",oocihm.lac_reel_c4715.1265,,image/jpeg,eng,Public domain,,
coll112,oocihm.lac_reel_c4715.1266.jpg,,,List of Immigrant Children p.2,"Doyle, P. Owen, Alfred B.",------,"List of Barnado Home Children sent to Toronto, Peterborough, Brandon, and Winnipeg; The form has been filled by hand.","Dr Barnado's Homes passenger list, girls' homes, child identification, child origins, SS. Southwark","Liverpool, England",53.440608,-3.003598,"Barnado Homes. Form B. July 21 1904. Library and Archives Canada, https://n2t.net/ark:/69429/m0jq0sq8r23n",oocihm.lac_reel_c4715.1266,,image/jpeg,eng,Public domain,,
coll113,oocihm.lac_reel_c4715.1267.jpg,,,List of Immigrant Children 374852 p.1 ,"Dr. Barnado's Homes; Owen, Alfred B., Doyle, P. JP.",1904-05-30,"List of Barnado Home Children sent toToronto, Peterborough, Brandon, and Winnipeg; The form has been filled by hand and has a strikehough the names of the children in the bottom half of the document","Dr Barnado's Homes passenger list, girls' homes, child identification, child origins, SS. Southwark","Liverpool, England",53.440608,-3.003598,"Barnado Homes. Form B. May 30 1904. Library and Archives Canada, https://n2t.net/ark:/69429/m0jq0sq8r23n",oocihm.lac_reel_c4715.1267,,image/jpeg,eng,Public domain,,
coll114,oocihm.lac_reel_c4715.1268.jpg,,,List of Immigrant Children 374852 p.2,"Doyle, P. Owen, Alfred B.",1904-05-19,"Backside of List of Barnado Home Children sent to Toronto, Peterborough, Brandon, and Winnipeg; The form has been filled by hand.","Dr Barnado's Homes passenger list, girls' homes, child identification, child origins, SS. Southwark","Liverpool, England",53.440608,-3.003598,"Barnado Homes. Form B. May 19 1904. Library and Archives Canada, https://n2t.net/ark:/69429/m0jq0sq8r23n",oocihm.lac_reel_c4715.1268,,image/jpeg,eng,Public domain,,
coll115,oocihm.lac_reel_c4715.1269.jpg,,,List of Immigrant Children 374852 p.1 ,"Dr. Barnado's Homes; Shuthers, Edmund A., Doyle, P. JP. Jury, A",1904-10-08,List of Barnado Home Children sent to Winnipeg; The form has been filled by hand and has a strikehough the names of the children in the bottom half of the document,"Dr Barnado's Homes passenger list, boys' homes, child identification, child origins, SS. Kensington","Liverpool, England",53.440608,-3.003598,"Barnado Homes. Form B. October 8 1904. Library and Archives Canada, https://n2t.net/ark:/69429/m0jq0sq8r23n",oocihm.lac_reel_c4715.1269,,image/jpeg,eng,Public domain,,
coll116,oocihm.lac_reel_c4715.1270.jpg,,,List of Immigrant Children p.1 ,"Dr. Barnado's Homes; Shuthers, Edmund A., Doyle, P. JP. Jury, A",1903-07-04,"List of Barnado Home Children sent to Peterborough, Toronto, Winnipeg, and Russel; The form has been filled by hand and has a smudging over the names of the children in the bottom half of the document","Dr Barnado's Homes passenger list, boys' homes, child identification, child origins, SS. Dominion","Liverpool, England",53.440608,-3.003598,"Barnado Homes. Form B. July 04 1904. Library and Archives Canada, https://n2t.net/ark:/69429/m0jq0sq8r23n",oocihm.lac_reel_c4715.1270,,image/jpeg,eng,Public domain,,
coll117,oocihm.lac_reel_c4715.1271.jpg,,,List of Immigrant Children  p.2,"Dr. Barnado's Homes; Shuthers, Edmund A., Doyle, P. JP. Jury, A",1903-07-15,"List of Barnado Home Children sent to Peterborough, Toronto, Winnipeg, and Russel; The form has been filled by hand and has a smudging over the names of the children in the bottom half of the document","Dr Barnado's Homes passenger list, boys' homes, child identification, child origins, SS. Dominion","Liverpool, England",53.440608,-3.003598,"Barnado Homes. Form B. July 15 1903 Library and Archives Canada, https://n2t.net/ark:/69429/m0jq0sq8r23n",oocihm.lac_reel_c4715.1271,,image/jpeg,eng,Public domain,,
coll118,oocihm.lac_reel_c4715.1272.jpg,,,List of Immigrant Children 374138 p.1 ,"Dr. Barnado's Homes; Shuthers, Edmund A., Doyle, P. JP. Jury, A",1903-07-24,List of Barnado Home Children sent to Winnipeg; The form has been filled by hand and has a strikehough the names of the children in the bottom half of the document,"Dr Barnado's Homes passenger list, girls homes, child identification, child origins, SS. Dominion","Liverpool, England",53.440608,-3.003598,"Barnado Homes. Form B. July 30 1903 Library and Archives Canada, https://n2t.net/ark:/69429/m0jq0sq8r23n",oocihm.lac_reel_c4715.1272,,image/jpeg,eng,Public domain,,
coll119,oocihm.lac_reel_c4715.1273.jpg,,,List of Immigrant Children 374138 p.2,"Dr. Barnado's Homes; ., Doyle, P. JP. Jury, A",1903-07-15,List of Barnado Home Children sent to Winnipeg; The form has been filled by hand. ,"Dr Barnado's Homes passenger list, girls homes, child identification, child origins, SS. Dominion","Liverpool, England",53.440608,-3.003598,"Barnado Homes. Form B. July 15 1903. Library and Archives Canada,https://n2t.net/ark:/69429/m0jq0sq8r23n",oocihm.lac_reel_c4715.1273,,image/jpeg,eng,Public domain,,
coll120,oocihm.lac_reel_c4715.1274.jpg,,,List of Immigrant Children 306830 p.1,"Dr. Barnardo's Homes; Owen, Alfred B.",1904-04-11,List of Barnardo Home Children sent to Toronto and Winnipeg; The form has been typed.,passenger list; Dr. Barnardo's Homes; child identification; child origins; Alfred B. Owen; boys’ home; Toronto Boy's Home; Pacific Ave; Youths' Labour House; SS Southwark,"Liverpool, England",53.440608,-3.003598,"Barnardo Homes. Form A, April 11, 1904. Canadiana Collections. ",oocihm.lac_reel_c4715.1274,Image; Ship manifest; Typed,image/jpeg,eng,Public domain,,
coll121,oocihm.lac_reel_c4715.1275.jpg,,,List of Immigrant Children 306830 p.2,"Dr. Barnardo's Homes; Owen, Alfred B.",1904-04-11,List of Barnardo Home Children sent to Toronto and Winnipeg; The form has been typed; There is a line through the names of children in the top third of the document.,passenger list; Dr. Barnardo's Homes; child identification; child origins; Alfred B. Owen; boys’ home; Toronto Boy's Home; Pacific Ave; Leopold House; SS Southwark,"Liverpool, England",53.440608,-3.003598,"Barnardo Homes. Form A, April 11, 1904. Canadiana Collections. ",oocihm.lac_reel_c4715.1275,Image; Ship manifest; Typed,image/jpeg,eng,Public domain,,
coll122,oocihm.lac_reel_c4715.1276.jpg,,,List of Immigrant Children 306830 p.3,"Dr. Barnardo's Homes; Owen, Alfred B.",1904-04-11,List of Barnardo Home Children sent to Toronto and Winnipeg; The form has been typed.,passenger list; Dr. Barnardo's Homes; child identification; child origins; Alfred B. Owen; boys’ home; Toronto Boy's Home; Pacific Ave; Leopold House; SS Southwark,"Liverpool, England",53.440608,-3.003598,"Barnardo Homes. Form A, April 11, 1904. Canadiana Collections. ",oocihm.lac_reel_c4715.1276,Image; Ship manifest; Typed,image/jpeg,eng,Public domain,,
coll123,oocihm.lac_reel_c4715.1277.jpg,,,List of Immigrant Children 306830 p.4,"Dr. Barnardo's Homes; Owen, Alfred B.",1904-04-11,List of Barnardo Home Children sent to Toronto and Winnipeg; The form has been typed; There is a line through the names of children.,passenger list; Dr. Barnardo's Homes; child identification; child origins; Alfred B. Owen; boys’ home; Toronto Boy's Home; Pacific Ave; Leopold House; SS Southwark,"Liverpool, England",53.440608,-3.003598,"Barnardo Homes. Form A, April 11, 1904. Canadiana Collections. ",oocihm.lac_reel_c4715.1277,Image; Ship manifest; Typed,image/jpeg,eng,Public domain,,
coll124,oocihm.lac_reel_c4715.1278.jpg,,,List of Immigrant Children 306830 p.5,"Dr. Barnardo's Homes; Owen, Alfred B.",1904-04-11,List of Barnardo Home Children sent to Toronto and Winnipeg; The form has been typed.,passenger list; Dr. Barnardo's Homes; child identification; child origins; Alfred B. Owen; boys’ home; Toronto Boy's Home; Pacific Ave; Leopold House; Sheppard House; SS Southwark,"Liverpool, England",53.440608,-3.003598,"Barnardo Homes. Form A, April 11, 1904. Canadiana Collections. ",oocihm.lac_reel_c4715.1278,Image; Ship manifest; Typed,image/jpeg,eng,Public domain,,
coll125,oocihm.lac_reel_c4715.1279.jpg,,,List of Immigrant Children 306830 p.6,"Dr. Barnardo's Homes; Owen, Alfred B.",1904-04-11,List of Barnardo Home Children sent to Toronto and Winnipeg; The form has been typed; There is a line through the names of children.,passenger list; Dr. Barnardo's Homes; child identification; child origins; Alfred B. Owen; boys’ home; Toronto Boy's Home; Pacific Ave; Sheppard House; Mittendorff House; SS Southwark,"Liverpool, England",53.440608,-3.003598,"Barnardo Homes. Form A, April 11, 1904. Canadiana Collections. ",oocihm.lac_reel_c4715.1279,Image; Ship manifest; Typed,image/jpeg,eng,Public domain,,
coll126,oocihm.lac_reel_c4715.1280.jpg,,,List of Immigrant Children 306830 p.7,"Dr. Barnardo's Homes; Owen, Alfred B.",1904-04-11,List of Barnardo Home Children sent to Toronto and Peterborough; The form has been typed; There is heavy ink smudging.,passenger list; Dr. Barnardo's Homes; child identification; child origins; Alfred B. Owen; boys’ home; Toronto Boy's Home; SS Southwark,"Liverpool, England",53.440608,-3.003598,"Barnardo Homes. Form B, April 11, 1904. Canadiana Collections. ",oocihm.lac_reel_c4715.1280,Image; Ship manifest; Typed,image/jpeg,eng,Public domain,,
coll127,oocihm.lac_reel_c4715.1281.jpg,,,List of Immigrant Children 306830 p.8,"Dr. Barnardo's Homes; Owen, Alfred B.",1904-04-11,List of Barnardo Home Children sent to Toronto and Peterborough; The form has been typed; There is heavy ink smudging and additional handwriting.,passenger list; Dr. Barnardo's Homes; child identification; child origins; Alfred B. Owen; boys’ home; SS Southwark,"Liverpool, England",53.440608,-3.003598,"Barnardo Homes. Form B, April 11, 1904. Canadiana Collections. ",oocihm.lac_reel_c4715.1281,Image; Ship manifest; Typed,image/jpeg,eng,Public domain,,
coll128,oocihm.lac_reel_c4715.1282.jpg,,,List of Immigrant Children p.1,"Dr. Barnardo's Homes; Owen, Alfred B.",1903-05-10,List of Barnardo Home Children sent to Toronto and Peterborough; The form has been typed.,passenger list; Dr. Barnardo's Homes; child identification; child origins; Alfred B. Owen; girls' home; Village Home; Hazelbrae; SS Kensington,"Liverpool, England",53.440608,-3.003598,"Barnardo Homes. Form A, May 10, 1903. Canadiana Collections. ",oocihm.lac_reel_c4715.1282,Image; Ship manifest; Typed,image/jpeg,eng,Public domain,,
coll129,oocihm.lac_reel_c4715.1283.jpg,,,List of Immigrant Children p.2,"Dr. Barnardo's Homes; Owen, Alfred B.",1903-05-10,List of Barnardo Home Children sent to Toronto and Peterborough; The form has been typed.,passenger list; Dr. Barnardo's Homes; child identification; child origins; Alfred B. Owen; girls' home; Village Home; Hazelbrae; SS Kensington,"Liverpool, England",53.440608,-3.003598,"Barnardo Homes. Form A, May 10, 1903. Canadiana Collections. ",oocihm.lac_reel_c4715.1283,Image; Ship manifest; Typed,image/jpeg,eng,Public domain,,
coll130,oocihm.lac_reel_c4715.1284.jpg,,,List of Immigrant Children p.3,"Dr. Barnardo's Homes; Owen, Alfred B.",1903-05-10,List of Barnardo Home Children sent to Toronto and Peterborough; The form has been typed.,passenger list; Dr. Barnardo's Homes; child identification; child origins; Alfred B. Owen; girls' home; Village Home; Hazelbrae; SS Kensington,"Liverpool, England",53.440608,-3.003598,"Barnardo Homes. Form A, May 10, 1903. Canadiana Collections. ",oocihm.lac_reel_c4715.1284,Image; Ship manifest; Typed,image/jpeg,eng,Public domain,,
coll131,oocihm.lac_reel_c4715.1285.jpg,,,List of Immigrant Children p.4,"Dr. Barnardo's Homes; Owen, Alfred B.",1903-05-10,List of Barnardo Home Children sent to Toronto and Peterborough; The form has been typed.,passenger list; Dr. Barnardo's Homes; child identification; child origins; Alfred B. Owen; girls' home; Village Home; Hazelbrae; SS Kensington,"Liverpool, England",53.440608,-3.003598,"Barnardo Homes. Form A, May 10, 1903. Canadiana Collections. ",oocihm.lac_reel_c4715.1285,Image; Ship manifest; Typed,image/jpeg,eng,Public domain,,
coll132,oocihm.lac_reel_c4715.1286.jpg,,,List of Immigrant Children p.5,"Dr. Barnardo's Homes; Owen, Alfred B.",1903-05-10,List of Barnardo Home Children sent to Toronto and Peterborough; The form has been typed; There is a line through the names of children.,passenger list; Dr. Barnardo's Homes; child identification; child origins; Alfred B. Owen; girls' home; Village Home; Hazelbrae; SS Kensington,"Liverpool, England",53.440608,-3.003598,"Barnardo Homes. Form A, May 10, 1903. Canadiana Collections. ",oocihm.lac_reel_c4715.1286,Image; Ship manifest; Typed,image/jpeg,eng,Public domain,,
coll133,oocihm.lac_reel_c4715.1287.jpg,,,List of Immigrant Children p.6,"Dr. Barnardo's Homes; Owen, Alfred B.",1903-05-10,List of Barnardo Home Children sent to Toronto and Peterborough; The form has been typed.,passenger list; Dr. Barnardo's Homes; child identification; child origins; Alfred B. Owen; girls' home; Village Home; Hazelbrae; SS Kensington,"Liverpool, England",53.440608,-3.003598,"Barnardo Homes. Form A, May 10, 1903. Canadiana Collections. ",oocihm.lac_reel_c4715.1287,Image; Ship manifest; Typed,image/jpeg,eng,Public domain,,
coll134,oocihm.lac_reel_c4715.1288.jpg,,,List of Immigrant Children p.7,"Dr. Barnardo's Homes; Owen, Alfred B.",1903-05-10,List of Barnardo Home Children sent to Toronto and Peterborough; The form has been typed; There is a line through the names of children.,passenger list; Dr. Barnardo's Homes; child identification; child origins; Alfred B. Owen; girls' home; Village Home; Hazelbrae; SS Kensington,"Liverpool, England",53.440608,-3.003598,"Barnardo Homes. Form A, May 10, 1903. Canadiana Collections. ",oocihm.lac_reel_c4715.1288,Image; Ship manifest; Typed,image/jpeg,eng,Public domain,,
coll135,oocihm.lac_reel_c4715.1289.jpg,,,List of Immigrant Children p.1,"Dr. Barnardo's Homes; Owen, Alfred B.",1903-03-28,List of Barnardo Home Children sent to Toronto and Peterborough; The form has been typed; Four names are obscured by a smudge.,passenger list; Dr. Barnardo's Homes; child identification; child origins; Alfred B. Owen; boys’ home; Toronto Boy's Home; Hazelbrae; Youths' Labour House; SS Canada,"Liverpool, England",53.440608,-3.003598,"Barnardo Homes. Form A, March 28, 1903. Canadiana Collections. ",oocihm.lac_reel_c4715.1289,Image; Ship manifest; Typed,image/jpeg,eng,Public domain,,
coll136,oocihm.lac_reel_c4715.1290.jpg,,,List of Immigrant Children p.2,"Dr. Barnardo's Homes; Owen, Alfred B.",1903-03-28,List of Barnardo Home Children sent to Toronto and Peterborough; The form has been typed; There is a line through the names of children.,passenger list; Dr. Barnardo's Homes; child identification; child origins; Alfred B. Owen; boys’ home; Toronto Boy's Home; Leopold House; Hazelbrae; Youths' Labour House; SS Canada,"Liverpool, England",53.440608,-3.003598,"Barnardo Homes. Form A, March 28, 1903. Canadiana Collections. ",oocihm.lac_reel_c4715.1290,Image; Ship manifest; Typed,image/jpeg,eng,Public domain,,
coll137,oocihm.lac_reel_c4715.1291.jpg,,,List of Immigrant Children p.3,"Dr. Barnardo's Homes; Owen, Alfred B.",1903-03-28,List of Barnardo Home Children sent to Toronto and Peterborough; The form has been typed; Four names are obscured by a smudge.,passenger list; Dr. Barnardo's Homes; child identification; child origins; Alfred B. Owen; boys’ home; Toronto Boy's Home; Leopold House; Hazelbrae; SS Canada,"Liverpool, England",53.440608,-3.003598,"Barnardo Homes. Form A, March 28, 1903. Canadiana Collections. ",oocihm.lac_reel_c4715.1291,Image; Ship manifest; Typed,image/jpeg,eng,Public domain,,
coll138,oocihm.lac_reel_c4715.1292.jpg,,,List of Immigrant Children p.4,"Dr. Barnardo's Homes; Owen, Alfred B.",1903-03-28,List of Barnardo Home Children sent to Toronto and Peterborough; The form has been typed; Four names are obscured by a smudge.,passenger list; Dr. Barnardo's Homes; child identification; child origins; Alfred B. Owen; boys’ home; Toronto Boy's Home; Leopold House; Hazelbrae; SS Canada,"Liverpool, England",53.440608,-3.003598,"Barnardo Homes. Form A, March 28, 1903. Canadiana Collections. ",oocihm.lac_reel_c4715.1292,Image; Ship manifest; Typed,image/jpeg,eng,Public domain,,
coll139,oocihm.lac_reel_c4715.1293.jpg,,,List of Immigrant Children p.5,"Dr. Barnardo's Homes; Owen, Alfred B.",1903-03-28,List of Barnardo Home Children sent to Toronto and Peterborough; The form has been typed; There is a line through the names of children.,passenger list; Dr. Barnardo's Homes; child identification; child origins; Alfred B. Owen; boys’ home; Toronto Boy's Home; Leopold House; Sheppard House; Hazelbrae; SS Canada,"Liverpool, England",53.440608,-3.003598,"Barnardo Homes. Form A, March 28, 1903. Canadiana Collections. ",oocihm.lac_reel_c4715.1293,Image; Ship manifest; Typed,image/jpeg,eng,Public domain,,
coll140,oocihm.lac_reel_c4715.1294.jpg,,,List of Immigrant Children p.6,"Dr. Barnardo's Homes; Owen, Alfred B.",1903-03-28,List of Barnardo Home Children sent to Toronto and Peterborough; The form has been typed; Two names are obscured by a smudge.,passenger list; Dr. Barnardo's Homes; child identification; child origins; Alfred B. Owen; boys’ home; Toronto Boy's Home; Sheppard House; Union Jack Shoeblack Brigade; Hazelbrae; SS Canada,"Liverpool, England",53.440608,-3.003598,"Barnardo Homes. Form A, March 28, 1903. Canadiana Collections. ",oocihm.lac_reel_c4715.1294,Image; Ship manifest; Typed,image/jpeg,eng,Public domain,,
coll141,oocihm.lac_reel_c4715.1295.jpg,,,List of Immigrant Children p.7,"Dr. Barnardo's Homes; Owen, Alfred B.",1903-03-28,List of Barnardo Home Children sent to Toronto and Peterborough; The form has been typed; There is a line through the names of children.,passenger list; Dr. Barnardo's Homes; child identification; child origins; Alfred B. Owen; boys’ home; Toronto Boy's Home; Union Jack Shoeblack Brigade; Hazelbrae; SS Canada,"Liverpool, England",53.440608,-3.003598,"Barnardo Homes. Form A, March 28, 1903. Canadiana Collections. ",oocihm.lac_reel_c4715.1295,Image; Ship manifest; Typed,image/jpeg,eng,Public domain,,
coll142,oocihm.lac_reel_c4715.1296.jpg,,,Dr. Barnardo's Homes 277363 [Statistics],Dr. Barnardo's Homes,1903-09-03,"List of statistics describing movement of children to Canada for the twelve months ending June 30th, 1903.",Dr. Barnardo's Homes; statistics; boys’ home; Toronto Boy's Home; Barnardo Industrial Farm; Pacific Ave; 75 Bannerman St; girls' home; Hazelbrae,"Toronto, Canada",43.646305,-79.405358,"Barnardo Homes. Dr. Barnardo's Homes 277363. September 3, 1903. Canadiana Collections. ",oocihm.lac_reel_c4715.1296,Image; Statistics; Handwritten,image/jpeg,eng,Public domain,,
coll143,oocihm.lac_reel_c4715.1297.jpg,,,List of immigrant children,"Dr. Barnardo's Homes; Owen, Alfred B.",1903-04-29,List of Barnardo Home Children sent to Edmonton; The form has been filled in by hand,,"Liverpool, England",53.440608,-3.003598,"Barnardo Homes. Form A, April 29, 1903. Canadiana Collections. https://n2t.net/ark:/69429/m0jq0sq8r23n ",oocihm.lac_reel_c4715.1297,Image,image/jpeg,eng,Public domain,,
coll144,oocihm.lac_reel_c4715.1298.jpg,,,List of immigrant children,"Dr. Barnardo's Homes; Owen, Alfred B.",,,,,,,,oocihm.lac_reel_c4715.1298,,image/jpeg,eng,Public domain,,
coll145,oocihm.lac_reel_c4715.1299.jpg,,,List of immigrant children,"Dr. Barnardo's Homes; Owen, Alfred B.",1903-03-19,List of Barnardo Home Children ,,,,,,oocihm.lac_reel_c4715.1299,,image/jpeg,eng,Public domain,,
coll146,oocihm.lac_reel_c4715.1300.jpg,,,,,,,,,,,,oocihm.lac_reel_c4715.1300,,image/jpeg,eng,Public domain,,
coll147,oocihm.lac_reel_c4715.1301.jpg,,,,,,,,,,,,oocihm.lac_reel_c4715.1301,,image/jpeg,eng,Public domain,,
coll148,oocihm.lac_reel_c4715.1302.jpg,,,,,,,,,,,,oocihm.lac_reel_c4715.1302,,image/jpeg,eng,Public domain,,
coll149,oocihm.lac_reel_c4715.1303.jpg,,,,,,,,,,,,oocihm.lac_reel_c4715.1303,,image/jpeg,eng,Public domain,,
coll150,oocihm.lac_reel_c4715.1304.jpg,,,,,,,,,,,,oocihm.lac_reel_c4715.1304,,image/jpeg,eng,Public domain,,
coll151,oocihm.lac_reel_c4715.1305.jpg,,,,,,,,,,,,oocihm.lac_reel_c4715.1305,,image/jpeg,eng,Public domain,,
coll152,oocihm.lac_reel_c4715.1306.jpg,,,,,,,,,,,,oocihm.lac_reel_c4715.1306,,image/jpeg,eng,Public domain,,
coll153,oocihm.lac_reel_c4715.1307.jpg,,,,,,,,,,,,oocihm.lac_reel_c4715.1307,,image/jpeg,eng,Public domain,,
coll154,oocihm.lac_reel_c4715.1308.jpg,,,,,,,,,,,,oocihm.lac_reel_c4715.1308,,image/jpeg,eng,Public domain,,
coll155,oocihm.lac_reel_c4715.1309.jpg,,,,,,,,,,,,oocihm.lac_reel_c4715.1309,,image/jpeg,eng,Public domain,,
coll156,oocihm.lac_reel_c4715.1310.jpg,,,,,,,,,,,,oocihm.lac_reel_c4715.1310,,image/jpeg,eng,Public domain,,
coll157,oocihm.lac_reel_c4715.1311.jpg,,,,,,,,,,,,oocihm.lac_reel_c4715.1311,,image/jpeg,eng,Public domain,,
coll158,oocihm.lac_reel_c4715.1312.jpg,,,,,,,,,,,,oocihm.lac_reel_c4715.1312,,image/jpeg,eng,Public domain,,
coll159,oocihm.lac_reel_c4715.1313.jpg,,,,,,,,,,,,oocihm.lac_reel_c4715.1313,,image/jpeg,eng,Public domain,,
coll160,oocihm.lac_reel_c4715.1314.jpg,,,,,,,,,,,,oocihm.lac_reel_c4715.1314,,image/jpeg,eng,Public domain,,
coll161,oocihm.lac_reel_c4715.1315.jpg,,,,,,,,,,,,oocihm.lac_reel_c4715.1315,,image/jpeg,eng,Public domain,,
coll162,oocihm.lac_reel_c4715.1316.jpg,,,,,,,,,,,,oocihm.lac_reel_c4715.1316,,image/jpeg,eng,Public domain,,
coll163,oocihm.lac_reel_c4715.1317.jpg,,,,,,,,,,,,oocihm.lac_reel_c4715.1317,,image/jpeg,eng,Public domain,,
coll164,oocihm.lac_reel_c4715.1318.jpg,,,,,,,,,,,,oocihm.lac_reel_c4715.1318,,image/jpeg,eng,Public domain,,
coll165,oocihm.lac_reel_c4715.1319.jpg,,,,,,,,,,,,oocihm.lac_reel_c4715.1319,,image/jpeg,eng,Public domain,,
coll166,oocihm.lac_reel_c4715.1320.jpg,,,List of Immigrant Children on Board,Barnardo Homes,1902-07-26,,,"214 Farley Avenue, Toronto",,,,oocihm.lac_reel_c4715.1320,"Image
",image/jpeg,eng,Public domain,,
coll167,oocihm.lac_reel_c4715.1321.jpg,,,,,,,,,,,,oocihm.lac_reel_c4715.1321,,image/jpeg,eng,Public domain,,
coll168,oocihm.lac_reel_c4715.1322.jpg,,,,,,,,,,,,oocihm.lac_reel_c4715.1322,,image/jpeg,eng,Public domain,,
coll169,oocihm.lac_reel_c4715.1323.jpg,,,,,,,,,,,,oocihm.lac_reel_c4715.1323,,image/jpeg,eng,Public domain,,
coll170,oocihm.lac_reel_c4715.1324.jpg,,,,,,,,,,,,oocihm.lac_reel_c4715.1324,,image/jpeg,eng,Public domain,,
coll171,oocihm.lac_reel_c4715.1325.jpg,,,,,,,,,,,,oocihm.lac_reel_c4715.1325,,image/jpeg,eng,Public domain,,
coll172,oocihm.lac_reel_c4715.1326.jpg,,,,,,,,,,,,oocihm.lac_reel_c4715.1326,,image/jpeg,eng,Public domain,,
coll173,oocihm.lac_reel_c4715.1327.jpg,,,,,,,,,,,,oocihm.lac_reel_c4715.1327,,image/jpeg,eng,Public domain,,
coll174,oocihm.lac_reel_c4715.1328.jpg,,,,,,,,,,,,oocihm.lac_reel_c4715.1328,,image/jpeg,eng,Public domain,,
coll175,oocihm.lac_reel_c4715.1329.jpg,,,,,,,,,,,,oocihm.lac_reel_c4715.1329,,image/jpeg,eng,Public domain,,
coll176,oocihm.lac_reel_c4715.1330.jpg,,,,,,,,,,,,oocihm.lac_reel_c4715.1330,,image/jpeg,eng,Public domain,,
coll177,oocihm.lac_reel_c4715.1331.jpg,,,,,,,,,,,,oocihm.lac_reel_c4715.1331,,image/jpeg,eng,Public domain,,
coll178,oocihm.lac_reel_c4715.1332.jpg,,,,,,,,,,,,oocihm.lac_reel_c4715.1332,,image/jpeg,eng,Public domain,,
coll179,oocihm.lac_reel_c4715.1333.jpg,,,,,,,,,,,,oocihm.lac_reel_c4715.1333,,image/jpeg,eng,Public domain,,
coll180,oocihm.lac_reel_c4715.1334.jpg,,,,,,,,,,,,oocihm.lac_reel_c4715.1334,,image/jpeg,eng,Public domain,,
coll181,oocihm.lac_reel_c4715.1335.jpg,,,,,,,,,,,,oocihm.lac_reel_c4715.1335,,image/jpeg,eng,Public domain,,
coll182,oocihm.lac_reel_c4715.1336.jpg,,,,,,,,,,,,oocihm.lac_reel_c4715.1336,,image/jpeg,eng,Public domain,,
coll183,oocihm.lac_reel_c4715.1337.jpg,,,,,,,,,,,,oocihm.lac_reel_c4715.1337,,image/jpeg,eng,Public domain,,
coll184,oocihm.lac_reel_c4715.1338.jpg,,,,,,,,,,,,oocihm.lac_reel_c4715.1338,,image/jpeg,eng,Public domain,,
coll185,oocihm.lac_reel_c4715.1339.jpg,,,,,,,,,,,,oocihm.lac_reel_c4715.1339,,image/jpeg,eng,Public domain,,
coll186,oocihm.lac_reel_c4715.1340.jpg,,,,,,,,,,,,oocihm.lac_reel_c4715.1340,,image/jpeg,eng,Public domain,,
coll187,oocihm.lac_reel_c4715.1341.jpg,,,,,,,,,,,,oocihm.lac_reel_c4715.1341,,image/jpeg,eng,Public domain,,
coll188,oocihm.lac_reel_c4715.1342.jpg,,,-,,,,,,,,,oocihm.lac_reel_c4715.1342,,image/jpeg,eng,Public domain,,
coll189,oocihm.lac_reel_c4715.1343.jpg,,,,,,,,,,,,oocihm.lac_reel_c4715.1343,,image/jpeg,eng,Public domain,,
coll190,oocihm.lac_reel_c4715.1344.jpg,,,,,,,,,,,,oocihm.lac_reel_c4715.1344,,image/jpeg,eng,Public domain,,
coll191,oocihm.lac_reel_c4715.1345.jpg,,,,,,,,,,,,oocihm.lac_reel_c4715.1345,,image/jpeg,eng,Public domain,,
coll192,oocihm.lac_reel_c4715.1346.jpg,,,,,,,,,,,,oocihm.lac_reel_c4715.1346,,image/jpeg,eng,Public domain,,
coll193,oocihm.lac_reel_c4715.1347.jpg,,,,,,,,,,,,oocihm.lac_reel_c4715.1347,,image/jpeg,eng,Public domain,,
coll194,oocihm.lac_reel_c4715.1348.jpg,,,,,,,,,,,,oocihm.lac_reel_c4715.1348,,image/jpeg,eng,Public domain,,
coll195,oocihm.lac_reel_c4715.1349.jpg,,,,,,,,,,,,oocihm.lac_reel_c4715.1349,,image/jpeg,eng,Public domain,,
coll196,oocihm.lac_reel_c4715.1350.jpg,,,,,,,,,,,,oocihm.lac_reel_c4715.1350,,image/jpeg,eng,Public domain,,
coll197,oocihm.lac_reel_c4715.1351.jpg,,,,,,,,,,,,oocihm.lac_reel_c4715.1351,,image/jpeg,eng,Public domain,,
coll198,oocihm.lac_reel_c4715.1352.jpg,,,,,,,,,,,,oocihm.lac_reel_c4715.1352,,image/jpeg,eng,Public domain,,
coll199,oocihm.lac_reel_c4715.1353.jpg,,,,,,,,,,,,oocihm.lac_reel_c4715.1353,,image/jpeg,eng,Public domain,,
coll200,oocihm.lac_reel_c4715.1354.jpg,,,,,,,,,,,,oocihm.lac_reel_c4715.1354,,image/jpeg,eng,Public domain,,
coll201,oocihm.lac_reel_c4715.1355.jpg,,,,,,,,,,,,oocihm.lac_reel_c4715.1355,,image/jpeg,eng,Public domain,,
coll202,oocihm.lac_reel_c4715.1356.jpg,,,,,,,,,,,,oocihm.lac_reel_c4715.1356,,image/jpeg,eng,Public domain,,
coll203,oocihm.lac_reel_c4715.1357.jpg,,,,,,,,,,,,oocihm.lac_reel_c4715.1357,,image/jpeg,eng,Public domain,,
coll204,oocihm.lac_reel_c4715.1358.jpg,,,,,,,,,,,,oocihm.lac_reel_c4715.1358,,image/jpeg,eng,Public domain,,
coll205,oocihm.lac_reel_c4715.1359.jpg,,,,,,,,,,,,oocihm.lac_reel_c4715.1359,,image/jpeg,eng,Public domain,,
coll206,oocihm.lac_reel_c4715.1360.jpg,,,,,,,,,,,,oocihm.lac_reel_c4715.1360,,image/jpeg,eng,Public domain,,
coll207,oocihm.lac_reel_c4715.1361.jpg,,,,,,,,,,,,oocihm.lac_reel_c4715.1361,,image/jpeg,eng,Public domain,,
coll208,oocihm.lac_reel_c4715.1362.jpg,,,,,,,,,,,,oocihm.lac_reel_c4715.1362,,image/jpeg,eng,Public domain,,
coll209,oocihm.lac_reel_c4715.1363.jpg,,,,,,,,,,,,oocihm.lac_reel_c4715.1363,,image/jpeg,eng,Public domain,,
coll210,oocihm.lac_reel_c4715.1364.jpg,,,,,,,,,,,,oocihm.lac_reel_c4715.1364,,image/jpeg,eng,Public domain,,
coll211,oocihm.lac_reel_c4715.1365.jpg,,,List of Immigrant Children on Board Form B. 118615,,1900-06-07,,,"Liverpool, England",53.440608,-3.003598,,oocihm.lac_reel_c4715.1365,Photograph; Ship manifest; Passenger list; Handwritten,image/jpeg,eng,Public domain,,
coll212,oocihm.lac_reel_c4715.1366.jpg,,,"Unsure how to title this, need help / will ask",,,,,,,,,oocihm.lac_reel_c4715.1366,,image/jpeg,eng,Public domain,,
coll213,oocihm.lac_reel_c4715.1367.jpg,,,List of Immigrant Children on Board Form B. (Duplicate) 113715,,1900-03-31,,,"Liverpool, England",53.440608,-3.003598,,oocihm.lac_reel_c4715.1367,Photograph; Ship manifest; Passenger list; Handwritten,image/jpeg,eng,Public domain,,
coll214,oocihm.lac_reel_c4715.1368.jpg,,,"Unsure how to title this, need help / will ask",,,,,,,,,oocihm.lac_reel_c4715.1368,Photograph,image/jpeg,eng,Public domain,,
coll215,oocihm.lac_reel_c4715.1369.jpg,,,Need to ask for clarification -- is this from the immigration branch or to?,,1894-09-28,,,,,,,oocihm.lac_reel_c4715.1369,Photograph; Letter; Handwritten,image/jpeg,eng,Public domain,,
coll216,oocihm.lac_reel_c4715.1370.jpg,,,"Part of Letter from Immigration Agent P. Doyle to (unsure, ask for clarification)",,1894-09-28,,,,,,,oocihm.lac_reel_c4715.1370,Photograph; Letter; Handwritten,image/jpeg,eng,Public domain,,
coll217,oocihm.lac_reel_c4715.1371.jpg,,,Letter Informing the Recipient of a Negative Statement Appearing in the Ottawa Citizen,"P. Doyle Raq., Dominion Immigration Agent",1899-09-26,,Dr. Barnardo's Homes; Ottawa Citizen; letter,,,,,oocihm.lac_reel_c4715.1371,Photograph; Letter; Typed,image/jpeg,eng,Public domain,,
coll218,oocihm.lac_reel_c4715.1372.jpg,,,List of Immigrant Children on Board Form B. 87387 Page 1,,1899-07-17,,,"Liverpool, England",53.440608,-3.003598,,oocihm.lac_reel_c4715.1372,Photograph; Ship manifest; Handwritten,image/jpeg,eng,Public domain,,
coll219,oocihm.lac_reel_c4715.1373.jpg,,,Reverse Side of List of Immigrant Children on Board Form B. 87387 Page 1,,1899-07-17,,,"Liverpool, England",53.440608,-3.003598,,oocihm.lac_reel_c4715.1373,Photograph; Ship manifest; Handwritten,image/jpeg,eng,Public domain,,
coll220,oocihm.lac_reel_c4715.1374.jpg,,,List of Immigrant Children on Board Form B. 87387 Page 2,,1899-07-17,,,,,,,oocihm.lac_reel_c4715.1374,Photograph; Ship manifest; Handwritten,image/jpeg,eng,Public domain,,
coll221,oocihm.lac_reel_c4715.1375.jpg,,,Want to ask for clarification on how to name this uniquely compared to 1372 above,,1899-07-17,,,,,,,oocihm.lac_reel_c4715.1375,Photograph; Ship manifest; Handwritten,image/jpeg,eng,Public domain,,
coll222,oocihm.lac_reel_c4715.1376.jpg,,,List of Immigrant Children on Board Form B. 87468,,1899-07-17,,,"Liverpool, England",53.440608,-3.003598,,oocihm.lac_reel_c4715.1376,Photograph; Ship manifest; Handwritten; Typed,image/jpeg,eng,Public domain,,
coll223,oocihm.lac_reel_c4715.1377.jpg,,,Reverse Side of List of Immigrant Children on Board Form B. 87468,,1899-07-17,,,"Liverpool, England",53.440608,-3.003598,,oocihm.lac_reel_c4715.1377,Photograph; Ship manifest; Handwritten; Typed,image/jpeg,eng,Public domain,,
coll224,oocihm.lac_reel_c4715.1378.jpg,,,List of Immigrant Children on Board Form B. 79522,,1899-03-23,,,"Liverpool, England",53.440608,-3.003598,,oocihm.lac_reel_c4715.1378,Photograph; Ship manifest; Handwritten,image/jpeg,eng,Public domain,,
coll225,oocihm.lac_reel_c4715.1379.jpg,,,Reverse of List of Immigrant Children on Board Form B. 79522,,1899-03-23,,,"Liverpool, England",53.440608,-3.003598,,oocihm.lac_reel_c4715.1379,Photograph; Ship manifest; Handwritten; Typed,image/jpeg,eng,Public domain,,
coll226,oocihm.lac_reel_c4715.1380.jpg,,,List of Immigrant Children on Board Form B. 31822,,1896-10-08,,,"Liverpool, England",53.440608,-3.003598,,oocihm.lac_reel_c4715.1380,Photograph; Ship manifest; Handwritten; Typed,image/jpeg,eng,Public domain,,
coll227,oocihm.lac_reel_c4715.1381.jpg,,,"Want clarification on if this is reverse of above, unsure",,,,,,,,,oocihm.lac_reel_c4715.1381,,image/jpeg,eng,Public domain,,
coll228,oocihm.lac_reel_c4715.1382.jpg,,,List of Immigrant Children on Board Form B. 25369,,1895-10-31,,,"Liverpool, England",53.440608,-3.003598,,oocihm.lac_reel_c4715.1382,Photograph; Ship manifest; Handwritten; Typed,image/jpeg,eng,Public domain,,
coll229,oocihm.lac_reel_c4715.1383.jpg,,,List of Immigrant Children on Board Form B. 24390,,1895-09-05,,,"Liverpool, England",53.440608,-3.003598,,oocihm.lac_reel_c4715.1383,Photograph; Ship manifest; Handwritten; Typed,image/jpeg,eng,Public domain,,
coll230,oocihm.lac_reel_c4715.1384.jpg,,,Reverse of List of Immigrant Children on Board Form B. 24390,,1895-09-05,,,"Liverpool, England",53.440608,-3.003598,,oocihm.lac_reel_c4715.1384,Photograph; Ship manifest; Handwritten,image/jpeg,eng,Public domain,,
coll231,oocihm.lac_reel_c4715.1385.jpg,,,List of Immigrant Children on Board Form B. 24391,,1895-09-05,,,"Liverpool, England",53.440608,-3.003598,,oocihm.lac_reel_c4715.1385,Photograph; Ship manifest; Handwritten; Typed,image/jpeg,eng,Public domain,,
coll232,oocihm.lac_reel_c4715.1386.jpg,,,List of Immigrant Children on Board Form B. (Lacking in Identifying 5-digit Number),,1895-06-27,,,"Liverpool, England",53.440608,-3.003598,,oocihm.lac_reel_c4715.1386,Photograph; Ship manifest; Handwritten; Typed,image/jpeg,eng,Public domain,,
coll233,oocihm.lac_reel_c4715.1387.jpg,,,Possibly reverse of above? Confirm ,,,,,,,,,oocihm.lac_reel_c4715.1387,,image/jpeg,eng,Public domain,,
coll234,oocihm.lac_reel_c4715.1388.jpg,,,List of Immigrant Children on Board Form B. 23124,,1895-06-27,,,"Liverpool, England",53.440608,-3.003598,,oocihm.lac_reel_c4715.1388,Photograph; Ship manifest; Handwritten,image/jpeg,eng,Public domain,,
coll235,oocihm.lac_reel_c4715.1389.jpg,,,,,,,,,,,,oocihm.lac_reel_c4715.1389,,image/jpeg,eng,Public domain,,
coll236,oocihm.lac_reel_c4715.1390.jpg,,,,,,,,,,,,oocihm.lac_reel_c4715.1390,,image/jpeg,eng,Public domain,,
coll237,oocihm.lac_reel_c4715.1391.jpg,,,,,,,,,,,,oocihm.lac_reel_c4715.1391,,image/jpeg,eng,Public domain,,
coll238,oocihm.lac_reel_c4715.1392.jpg,,,,,,,,,,,,oocihm.lac_reel_c4715.1392,,image/jpeg,eng,Public domain,,
coll239,oocihm.lac_reel_c4715.1393.jpg,,,,,,,,,,,,oocihm.lac_reel_c4715.1393,,image/jpeg,eng,Public domain,,
coll240,oocihm.lac_reel_c4715.1394.jpg,,,,,,,,,,,,oocihm.lac_reel_c4715.1394,,image/jpeg,eng,Public domain,,
coll241,oocihm.lac_reel_c4715.1395.jpg,,,,,,,,,,,,oocihm.lac_reel_c4715.1395,,image/jpeg,eng,Public domain,,
coll242,oocihm.lac_reel_c4715.1396.jpg,,,,,,,,,,,,oocihm.lac_reel_c4715.1396,,image/jpeg,eng,Public domain,,
coll243,oocihm.lac_reel_c4715.1397.jpg,,,,,,,,,,,,oocihm.lac_reel_c4715.1397,,image/jpeg,eng,Public domain,,
coll244,oocihm.lac_reel_c4715.1398.jpg,,,,,,,,,,,,oocihm.lac_reel_c4715.1398,,image/jpeg,eng,Public domain,,
coll245,oocihm.lac_reel_c4715.1399.jpg,,,,,,,,,,,,oocihm.lac_reel_c4715.1399,,image/jpeg,eng,Public domain,,
coll246,oocihm.lac_reel_c4715.1400.jpg,,,,,,,,,,,,oocihm.lac_reel_c4715.1400,,image/jpeg,eng,Public domain,,
coll247,oocihm.lac_reel_c4715.1401.jpg,,,,,,,,,,,,oocihm.lac_reel_c4715.1401,,image/jpeg,eng,Public domain,,
coll248,oocihm.lac_reel_c4715.1402.jpg,,,,,,,,,,,,oocihm.lac_reel_c4715.1402,,image/jpeg,eng,Public domain,,
coll249,oocihm.lac_reel_c4715.1403.jpg,,,,,,,,,,,,oocihm.lac_reel_c4715.1403,,image/jpeg,eng,Public domain,,
coll250,oocihm.lac_reel_c4715.1404.jpg,,,,,,,,,,,,oocihm.lac_reel_c4715.1404,,image/jpeg,eng,Public domain,,
coll251,oocihm.lac_reel_c4715.1405.jpg,,,,,,,,,,,,oocihm.lac_reel_c4715.1405,,image/jpeg,eng,Public domain,,
coll252,oocihm.lac_reel_c4715.1406.jpg,,,,,,,,,,,,oocihm.lac_reel_c4715.1406,,image/jpeg,eng,Public domain,,
coll253,oocihm.lac_reel_c4715.1407.jpg,,,,,,,,,,,,oocihm.lac_reel_c4715.1407,,image/jpeg,eng,Public domain,,
coll254,oocihm.lac_reel_c4715.1408.jpg,,,,,,,,,,,,oocihm.lac_reel_c4715.1408,,image/jpeg,eng,Public domain,,
coll255,oocihm.lac_reel_c4715.1409.jpg,,,,,,,,,,,,oocihm.lac_reel_c4715.1409,,image/jpeg,eng,Public domain,,
coll256,oocihm.lac_reel_c4715.1410.jpg,,,,,,,,,,,,oocihm.lac_reel_c4715.1410,,image/jpeg,eng,Public domain,,
coll257,oocihm.lac_reel_c4715.1411.jpg,,,,,,,,,,,,oocihm.lac_reel_c4715.1411,,image/jpeg,eng,Public domain,,
coll258,oocihm.lac_reel_c4715.1412.jpg,,,,,,,,,,,,oocihm.lac_reel_c4715.1412,,image/jpeg,eng,Public domain,,
coll259,oocihm.lac_reel_c4715.1413.jpg,,,Letter to Alfred B. Owens from Lynwode Pereira 311571,"Dept. of the Interior; Owen, Alfred B.; Pereira, Lyndwode",1892-11-17,"Letter enclosing a cheque for $250 as a captation grant for the maintenance of 125 girls who arrived on the S. S. Sardinian on 23 Oct. 1892. The letter is typed, but with some hand-written corrections, such as crossing out the number 127 and replacing it with 125.","Dr. Barnardo's Homes; Alfred B. Owen; Department of the Interior; transactions; SS Sardinian; Quebec, Canada","Ottawa, Canada","45°25'24.5""N","75°40'54.7""W","Pereira, Lynwode. Letter, Nov. 17, 1892. [Photograph] Canadiana Collections. https://n2t.net/ark:/69429/m0jq0sq8r23n  ",oocihm.lac_reel_c4715.1413,Image;StillImage;Letter;Transactions;Typed,image/jpeg,eng,Public domain,,
coll260,oocihm.lac_reel_c4715.1414.jpg,,,Letter to Alfred B. Owen from Lynwode Pereira 309252,"Dept. of the Interior; Owen, Alfred B.; Pereira, Lyndwode",1892-11-9,"Letter enclosing a cheque for $158 for the capitation grant for 79 boys who arrived on the S. S. Mongolian on Sep. 15, 1892. The letter is typed, with handwritten marginalia.","Dr. Barnardo's Homes; Alfred B. Owen; Department of the Interior; transactions; SS Mongolian; Quebec, Canada","Ottawa, Canada","45°25'24.5""N","75°40'54.7""W","Pereira, Lynwode. Letter, Nov. 9, 1892. [Photograph] Canadiana Collections. https://n2t.net/ark:/69429/m0jq0sq8r23n  ",oocihm.lac_reel_c4715.1414,Image;StillImage;Letter;Transactions;Typed,image/jpeg,eng,Public domain,,
coll261,oocihm.lac_reel_c4715.1415.jpg,,,Letter to Alfred B. Owen from Lynwode Pereira 301848,"Dept. of the Interior; Owen, Alfred B.; Pereira, Lyndwode",1892-08-22,"Letter enclosing a cheque for $300 for the capitation grant for an unknown number of boys who arrived on the S. S. Mongolian on Jul. 4, 1892. The letter is typed, with handwritten marginalia and a correction to the date.","Dr. Barnardo's Homes; Alfred B. Owen; Department of the Interior; transactions; SS Mongolian; Quebec, Canada","Ottawa, Canada","45°25'24.5""N","75°40'54.7""W","Pereira, Lynwode. Letter, Aug. 22, 1892. [Photograph] Canadiana Collections. https://n2t.net/ark:/69429/m0jq0sq8r23n  ",oocihm.lac_reel_c4715.1415,Image;StillImage;Letter;Transactions;Typed,image/jpeg,eng,Public domain,,
coll262,oocihm.lac_reel_c4715.1416.jpg,,,"Letter to Alfred B. Owen from Lynwdwode Pereira of Jun. 30, 1892 number missing","Dept. of the Interior; Owen, Alfred B.; Pereira, Lyndwode",1892-06-30,"Letter enclosing a cheque for $460 for the capitation grant for 130 boys who arrived on the S. S. Carthaginian on Jun. 30, 1892. The letter is partially typed, with blanks filled in by hand.","Dr. Barnardo's Homes; Alfred B. Owen; Department of the Interior; transactions; SS Carthaginian; Halifax, Canada","Ottawa, Canada","45°25'24.5""N","75°40'54.7""W","Pereira, Lynwode. Letter, Jun. 30, 1892. [Photograph] Canadiana Collections. https://n2t.net/ark:/69429/m0jq0sq8r23n  ",oocihm.lac_reel_c4715.1416,Image;StillImage;Letter;Transactions;Typed;Handwritten,image/jpeg,eng,Public domain,,
coll263,oocihm.lac_reel_c4715.1417.jpg,,,"First Report of the Select Committee on Immigration and Colonization, Title page",Select Committee on Immigration and Colonization; Government of Canada,1875------,"Title page of the report of the Canadian parliamentary committee about the British home children program. The report was published in Ottawa, and printed by Maclean, Roger & Co. of Wellington Street.",Select Committee on Immigration and Colonization; governance; immigration; ,"Ottawa, Canada","45°25'24.5""N","75°40'54.7""W",Government of Canada. First Report of the Select Committee on Immigration and Colonization. [Photograph] Canadiana Collections. https://n2t.net/ark:/69429/m0jq0sq8r23n  ,oocihm.lac_reel_c4715.1417,Image;StillImage;Report;Typed,image/jpeg,eng,Public domain,,
coll264,oocihm.lac_reel_c4715.1418.jpg,,,,,,,,,,,,,,,,,,
coll265,oocihm.lac_reel_c4715.1419.jpg,,,First Report of the Select Committee on Immigration and Colonization p. 1,Select Committee on Immigration and Colonization; Government of Canada,1875------,"First page of the parliamentary committee report, which is an image of a printed book. It notes that the management of agencies to promote immigration will be henceforth centralized under the Minister of Agriculture. It notes that the total immigration (from all countries) numbers were 39,373 in 1874, 50,050 in 1873, and 36,578 in 1872. The arrival of 14,100 immigrants from the US is noted, including a large proportion of repatriated French Canadians, as is the establishment of a Mennonite colony in Manitoba.  ",Select Committee on Immigration and Colonization; governance; immigration; Department of Agriculture,"Ottawa, Canada","45°25'24.5""N","75°40'54.7""W",Government of Canada. First Report of the Select Committee on Immigration and Colonization. [Photograph] Canadiana Collections. https://n2t.net/ark:/69429/m0jq0sq8r23n  ,oocihm.lac_reel_c4715.1418,Image;StillImage;Report;Typed,image/jpeg,eng,Public domain,,
coll266,oocihm.lac_reel_c4715.1420.jpg,,,First Report of the Select Committee on Immigration and Colonization pp. 2-3,Select Committee on Immigration and Colonization; Government of Canada,1875------,"Pages 2-3 of the parliamentary committee report discusses the efforts made to promote immigration to Canada in the UK and Europe, and the costs incurred by the Dominion, and summarizes the contents of the rest of the report. It acknowledges receipt of the Doyle report, and notes its unfavourable opinion of the work of Macpherson and Rye. Lists the names of individuals who testify in support of the program and refute certain of Doyle's assertions. Concludes that the work of the agents is satisfactory. Includes beginning of the committee's interview with Mr. Lowe, Secretary of the Department of Agriculture.",Select Committee on Immigration and Colonization; governance; immigration; Annie Macpherson; Maria Rye; Andrew Doyle; ,"Ottawa, Canada","45°25'24.5""N","75°40'54.7""W",Government of Canada. First Report of the Select Committee on Immigration and Colonization. [Photograph] Canadiana Collections. https://n2t.net/ark:/69429/m0jq0sq8r23n  ,oocihm.lac_reel_c4715.1419,Image;StillImage;Report;Typed,image/jpeg,eng,Public domain,,
coll267,oocihm.lac_reel_c4715.1421.jpg,,,First Report of the Select Committee on Immigration and Colonization pp. 4-5,Select Committee on Immigration and Colonization; Government of Canada,1875------,"Pages 4 and 5 continue the interview with Mr. Lowe, Secretary of the Department of Agriculture, concerning details about the settlement of Mennonite immigrants in Manitoba, including terms of payment for various agents. ",Select Committee on Immigration and Colonization; governance; immigration; Mennonite; Manitoba; Department of Agriculture,"Ottawa, Canada","45°25'24.5""N","75°40'54.7""W",Government of Canada. First Report of the Select Committee on Immigration and Colonization. [Photograph] Canadiana Collections. https://n2t.net/ark:/69429/m0jq0sq8r23n  ,oocihm.lac_reel_c4715.1421,Image;StillImage;Report;Typed,image/jpeg,eng,Public domain,,
coll268,oocihm.lac_reel_c4715.1422.jpg,,,First Report of the Select Committee on Immigration and Colonization pp. 6-7,Select Committee on Immigration and Colonization; Government of Canada,1875------,"Pages 6 and 7 continue the interview with Mr. Lowe, Secretary of the Department of Agriculture, about the migration of Mennonites to Manitoba, with some discussion of the return of a large number of French Canadians from the US in 1874. There is a list of publications by the Department of Agriculture in support of immigration programs, and mention of a pamphlet ciculated in the UK of extracts from the remarks of the Governor General after a recent tour of Ontario.",Select Committee on Immigration and Colonization; governance; immigration; Mennonite; Manitoba; Ontario; French Canadians; publications; Department of Agriculture,"Ottawa, Canada","45°25'24.5""N","75°40'54.7""W",Government of Canada. First Report of the Select Committee on Immigration and Colonization. [Photograph] Canadiana Collections. https://n2t.net/ark:/69429/m0jq0sq8r23n  ,oocihm.lac_reel_c4715.1422,Image;StillImage;Report;Typed,image/jpeg,eng,Public domain,,
coll269,oocihm.lac_reel_c4715.1423.jpg,,,First Report of the Select Committee on Immigration and Colonization pp. 8-9,Select Committee on Immigration and Colonization; Government of Canada,1875------,"Pages 8 and 9 contain the continued testimony of Mr. Lowe, Secretary of the Department of Agriculture. Page 8 includes figures for total costs of immigration. On page 9 the discussion of the Doyle report begins. Lowe argues that despite some failures, the program on the whole has been successful. Lowe states that the report is highly adverse to the work of Miss Macpherson and Miss Rye. ",Select Committee on Immigration and Colonization; governance; immigration; Mennonite; Manitoba; Ontario;  Department of Agriculture; Miss Annie Macpherson's Distributing Homes; Annie Macpherson; Maria Rye; Andrew Doyle,"Ottawa, Canada","45°25'24.5""N","75°40'54.7""W",Government of Canada. First Report of the Select Committee on Immigration and Colonization. [Photograph] Canadiana Collections. https://n2t.net/ark:/69429/m0jq0sq8r23n  ,oocihm.lac_reel_c4715.1423,Image;StillImage;Report;Typed,image/jpeg,eng,Public domain,,
coll270,oocihm.lac_reel_c4715.1424.jpg,,,First Report of the Select Committee on Immigration and Colonization pp. 10-11,Select Committee on Immigration and Colonization; Government of Canada,1875------,"Pages 10 and 11 contain continued testimony by Mr. Lowe, Secretary of the Department of Agriculture. On page 10, Lowe summarizes the Doyle report and its recommendations, and rejects the idea of government-operated industrial establishments to train the children because it is too similar to the workhouse model. On page 11 the prospect of further investigation is raised and dismissed as being the responsibility of Provincial governments.  Lowe reads a letter from Emma G. Barber, a supervisor at Miss Macpherson's Knowlton Home, which provides rough numbers of children in various situations, emphasizing that they are children and will need ""patient training,"" and mentioning the challenges that the wide geography poses for visiting the children once placed. ",Select Committee on Immigration and Colonization; governance; immigration; Department of Agriculture; Annie Macpherson; Andrew Doyle; Knowlton Home; Emma G. Barber,"Ottawa, Canada","45°25'24.5""N","75°40'54.7""W",Government of Canada. First Report of the Select Committee on Immigration and Colonization. [Photograph] Canadiana Collections. https://n2t.net/ark:/69429/m0jq0sq8r23n  ,oocihm.lac_reel_c4715.1424,Image;StillImage;Report;Typed,image/jpeg,eng,Public domain,,
coll271,oocihm.lac_reel_c4715.1425.jpg,,,First Report of the Select Committee on Immigration and Colonization pp. 12-13,Select Committee on Immigration and Colonization; Government of Canada,1875------,"Page 12 contains the conclusion of Emma G. Barber's letter, then Annie Macpherson's testimony begins and continues on page 13. Macpherson mentions that her agency had brought out 2000 children since 1870, and describes the procedures for training and caring for the children in the UK and during the journey. Macpherson details the financial arrangements, bonuses, and discounts, asserting that the special rates were declined. Macpherson outlines the supervision and visiting practices after the children were sent out, and the facilitation of communication with families in the UK, and exhibits a register of children (not included). The page ends with the note that some records were lost in a fire. ",Select Committee on Immigration and Colonization; governance; immigration; Miss Annie Macpherson's Distributing Homes; Annie Macpherson; Andrew Doyle; Knowlton Home; Blair Athol; Marchmont Receiving Home; Statistics,"Ottawa, Canada","45°25'24.5""N","75°40'54.7""W",Government of Canada. First Report of the Select Committee on Immigration and Colonization. [Photograph] Canadiana Collections. https://n2t.net/ark:/69429/m0jq0sq8r23n  ,oocihm.lac_reel_c4715.1425,Image;StillImage;Report;Typed,image/jpeg,eng,Public domain,,
coll272,oocihm.lac_reel_c4715.1426.jpg,,,First Report of the Select Committee on Immigration and Colonization pp. 14-15,Select Committee on Immigration and Colonization; Government of Canada,1875------,"Continued testimony from Annie Macpherson, and colleagues Miss Bilbrough and Miss Barber, addresses the financials of the homes and estimates of the number of children who had been adopted. Macpherson asserts that the Homes are made available to children who return for whatever reason, but that the older boys who were succeeding well were asked to contribute money to aid in bringing other children to Canada. They discuss ""black sheep"" cases, but insist that many are successful. Senator Flint testifies about a home child who became an Attorney-At-Law, with assistance from his family. Flint describes attempts to train boys at various trades, which were not successful because they could make more money working for farmers.",Select Committee on Immigration and Colonization; governance; immigration; Miss Annie Macpherson's Distributing Homes; Annie Macpherson; Andrew Doyle; Marchmont Receiving Home; Ellen Bilbrough; Emma G. Barber; Statistics,"Ottawa, Canada","45°25'24.5""N","75°40'54.7""W",Government of Canada. First Report of the Select Committee on Immigration and Colonization. [Photograph] Canadiana Collections. https://n2t.net/ark:/69429/m0jq0sq8r23n  ,oocihm.lac_reel_c4715.1426,Image;StillImage;Report;Typed,image/jpeg,eng,Public domain,,
coll273,oocihm.lac_reel_c4715.1427.jpg,,,First Report of the Select Committee on Immigration and Colonization pp. 16-17,Select Committee on Immigration and Colonization; Government of Canada,1875------,"Flint's testimony continues, explaining his lack of credence in Doyle's report, especially in mixing together the work of Macpherson with Rye. Flint outlines the support for the program in the communities, and refutes various points of the Doyle report. Macpherson provides a discussion of the numbers and circumstances for girls. Numbers about the Knowlton home are provided by M.P. Pettes, noting that only two or three had proved incorrigible out of 280. Macpherson adds that there have only been 10 deaths out of 2000 children in five years.",Select Committee on Immigration and Colonization; governance; immigration; Annie Macpherson; Andrew Doyle; Marchmont Receiving Home; Knowlton Home; girls; Miss Annie Macpherson's Distributing Homes; Child origins; Statistics; Community support,"Ottawa, Canada","45°25'24.5""N","75°40'54.7""W",Government of Canada. First Report of the Select Committee on Immigration and Colonization. [Photograph] Canadiana Collections. https://n2t.net/ark:/69429/m0jq0sq8r23n  ,oocihm.lac_reel_c4715.1427,Image;StillImage;Report;Typed,image/jpeg,eng,Public domain,,
coll274,oocihm.lac_reel_c4715.1428.jpg,,,First Report of the Select Committee on Immigration and Colonization pp. 18-19,Select Committee on Immigration and Colonization; Government of Canada,1875------,"Conclusion of Macpherson's testimony mentions intention to increase visitors and organization. M.P. Young testifies about the support for Macpherson's work in Galt and in London, and that the Doyle report was unfair. Young testifies about reference checking procedures for families, and that inspection procedures were sufficient. ",Select Committee on Immigration and Colonization; governance; immigration; Annie Macpherson; Andrew Doyle; Blair Ahtol; Miss Annie Macpherson's Distributing Homes;  Inspection; Community Support,"Ottawa, Canada","45°25'24.5""N","75°40'54.7""W",Government of Canada. First Report of the Select Committee on Immigration and Colonization. [Photograph] Canadiana Collections. https://n2t.net/ark:/69429/m0jq0sq8r23n  ,oocihm.lac_reel_c4715.1428,Image;StillImage;Report;Typed,image/jpeg,eng,Public domain,,
coll275,oocihm.lac_reel_c4715.1429.jpg,,,First Report of the Select Committee on Immigration and Colonization pp. 20-21,Select Committee on Immigration and Colonization; Government of Canada,1875------,"M.P. Young's testimony concludes with community support for Macpherson's agency in Brantford and Galt, and a note that Miss Bilborough supplied her own expenses, as did other agents. A letter from M.P. Adam Gordon further rebuts points from the Doyle Report, and corrects factual errors. Beginning of Mr. Vail's testimony about Maria Rye bringing children to Nova Scotia. ",Select Committee on Immigration and Colonization; governance; immigration; Miss Annie Macpherson's Distributing Homes; Community support; Ellen Bilbrough; Maria Rye; Andrew Doyle; ,"Ottawa, Canada","45°25'24.5""N","75°40'54.7""W",Government of Canada. First Report of the Select Committee on Immigration and Colonization. [Photograph] Canadiana Collections. https://n2t.net/ark:/69429/m0jq0sq8r23n  ,oocihm.lac_reel_c4715.1429,Image;StillImage;Report;Typed,image/jpeg,eng,Public domain,,
coll276,oocihm.lac_reel_c4715.1430.jpg,,,,,,,,,,,,oocihm.lac_reel_c4715.1430,,image/jpeg,eng,Public domain,,
coll277,oocihm.lac_reel_c4715.1431.jpg,,,,,,,,,,,,oocihm.lac_reel_c4715.1431,,image/jpeg,eng,Public domain,,
coll278,oocihm.lac_reel_c4715.1432.jpg,,,,,,,,,,,,oocihm.lac_reel_c4715.1432,,image/jpeg,eng,Public domain,,
coll279,oocihm.lac_reel_c4715.1433.jpg,,,,,,,,,,,,oocihm.lac_reel_c4715.1433,,image/jpeg,eng,Public domain,,
coll280,oocihm.lac_reel_c4715.1434.jpg,,,,,,,,,,,,oocihm.lac_reel_c4715.1434,,image/jpeg,eng,Public domain,,
coll281,oocihm.lac_reel_c4715.1435.jpg,,,,,,,,,,,,oocihm.lac_reel_c4715.1435,,image/jpeg,eng,Public domain,,
coll282,oocihm.lac_reel_c4715.1436.jpg,,,"Letter from F. Bolton Read to Miss Rye, p. 34
Letter from Geo. D. Morton, M.D., to Miss Rye p. 34
Letter from William McMurray, D.D., D.C.L., Rector of Niagara, Rural Dean p. 35","Rye, Maria; Read, F., Bolton; Morton, Geo. D.; McMurray, William; Marson, Frederick; J.P WM., Kirby; Pafford, Henry; Ball, N. Robt.; Ball, John W.",1875-03-31,"Compiled letters from ""Miss Rye"", bound, photocopied and scanned.",Maria Rye; Deparment of Agriculture; Our Western Home; Receiving homes; letters; inspection,"Niagara-on-the-Lake, Canada",43.25507506,-79.08120198,"Parliament of Canada, House of Commons, & Select Committee on Immigration and Colonization. (1875). First Report of the Select Committee on Immigration and Colonization: Printed by Order of Parliament. Maclean, Roger & Company.",oocihm.lac_reel_c4715.1436,Image; Typed Letter,image/jpeg,eng,Public domain,,
coll283,oocihm.lac_reel_c4715.1437.jpg,,,"Notes by Miss Rye on Mr. Doyle's Report put in evidence at her request, p. 36-37","Rye, Maria",1875-,"Compilations of notes from Maria Rye on Mr. Doyle's notes. Bound, photocopied and scanned. ",Maria Rye; Andrew Doyle,-,,,"Parliament of Canada, House of Commons, & Select Committee on Immigration and Colonization. (1875). First Report of the Select Committee on Immigration and Colonization: Printed by Order of Parliament. Maclean, Roger & Company.",oocihm.lac_reel_c4715.1437,Image; Typed Letter,image/jpeg,eng,Public domain,,
coll284,oocihm.lac_reel_c4715.1438.jpg,,,"Notes by Maria S. Rye, p. 37-38","Rye, Maria S.",1875-03-29,"Compilations of notes from Maria Rye. Bound, photocopied and scanned.",Maria S. Rye; The Russell House,"Ottawa, Canada",45.41816028,-75.6932524,"Parliament of Canada, House of Commons, & Select Committee on Immigration and Colonization. (1875). First Report of the Select Committee on Immigration and Colonization: Printed by Order of Parliament. Maclean, Roger & Company.",oocihm.lac_reel_c4715.1438,Image; Typed Letter,image/jpeg,eng,Public domain,,
coll285,oocihm.lac_reel_c4715.1439.jpg,,,p. 40-41 ,"Rye, Maria",--,"Compilations of notes from Maria Rye. Bound, photocopied and scanned.",Maria Rye,--,,,"Parliament of Canada, House of Commons, & Select Committee on Immigration and Colonization. (1875). First Report of the Select Committee on Immigration and Colonization: Printed by Order of Parliament. Maclean, Roger & Company.",oocihm.lac_reel_c4715.1439,Image; Typed Letter,image/jpeg,eng,Public domain,,"*continuation of the last few entries, should I just use the same title + people mentioned? there's no title, but it's all the same book/compilation of notes"
coll286,oocihm.lac_reel_c4715.1440.jpg,,,p.42-43,"Rye, Maria; Thompson, WM. A.",1875-03-27,"Compilations of notes from Maria Rye, including a letter from Mr. A. Thomson, M.P. Bound, photocopied and scanned.",Maria Rye; Mr. A. Thomson,"Welland, Canada",42.99153553,-79.2471267,"Parliament of Canada, House of Commons, & Select Committee on Immigration and Colonization. (1875). First Report of the Select Committee on Immigration and Colonization: Printed by Order of Parliament. Maclean, Roger & Company.",oocihm.lac_reel_c4715.1440,Image; Typed Letter,image/jpeg,eng,Public domain,,
coll287,oocihm.lac_reel_c4715.1441.jpg,,,"Letter from Miss Rye addressed to C. H. Pozer, Esq. Chairman of the Emigration and Colonization Committe, p. 44.","Rye, Maria S.; Pozer, C. H. ",1874-03-24,"Compilations of notes from Maria Rye, including a letter from Maria Rye addressed to C.H. Pozer, Esq., the Chairman of the Emigration and Colonization Committee. Bound, photocopied and scanned.",Maria Rye; C.H. Pozer; Emigration and Colonization Committee,"Ottawa, Canada",45.41816028,-75.6932524,"Parliament of Canada, House of Commons, & Select Committee on Immigration and Colonization. (1875). First Report of the Select Committee on Immigration and Colonization: Printed by Order of Parliament. Maclean, Roger & Company.",oocihm.lac_reel_c4715.1441,Image; Typed Letter,image/jpeg,eng,Public domain,,
coll288,oocihm.lac_reel_c4715.1442.jpg,,,"Domion of Canada, letter from Department of Agriculture",Department of Agriculture,1892-05-14,"Letter from Department of Agriculture, received by the Department of the Interior 1892-05-16, requesting a Order-in-Council about information pertaining to Dr. Barnado.",Dr. Barnado; Department of Agriculture; Department of the Interior; Order-in-Council.,"Ottawa, Canada",45.41816028,-75.6932524,--,oocihm.lac_reel_c4715.1442,Image; Typed Letter,image/jpeg,eng,Public domain,,
coll289,oocihm.lac_reel_c4715.1443.jpg,,,"Two Orders-in-Council relating to Miss Rye and Miss Macpherson, p. 2",--,--,"Letter from ""the Department"" (possible continuation of previous entry?) responding with information about Miss Rye and Miss Macpherson.",Miss Rye; Miss Macpherson; Orders-in-Council; Immigration Committe; Dr. Ferguson.,--,--,--,--,oocihm.lac_reel_c4715.1443,Image; Typed Letter,image/jpeg,eng,Public domain,,
coll290,oocihm.lac_reel_c4715.1444.jpg,,,"End of letter, p.3","Deputy Minister of Agriculture, Hall, John R.",--,"End of letter (if this is actually three pages of one letter, after second review, I will match all the information to reflect this) from the Deputy Minister of Agriculture, with Secretary John R. Hall, Esq. from the Department of Interior. ",Department of Agriculture; Deputy Minister of Agriculture; John R. Hall; Department of the Interior.,"Ottawa, Canada",45.41816028,-75.6932524,--,oocihm.lac_reel_c4715.1444,Image; Typed Letter,image/jpeg,eng,Public domain,,
coll291,oocihm.lac_reel_c4715.1445.jpg,,,,,,,,,,,,oocihm.lac_reel_c4715.1445,,image/jpeg,eng,Public domain,,
coll292,oocihm.lac_reel_c4715.1446.jpg,,,,,,,,,,,,oocihm.lac_reel_c4715.1446,,image/jpeg,eng,Public domain,,
coll293,oocihm.lac_reel_c4715.1447.jpg,,,,,,,,,,,,oocihm.lac_reel_c4715.1447,,image/jpeg,eng,Public domain,,
coll294,oocihm.lac_reel_c4715.1448.jpg,,,,,,,,,,,,oocihm.lac_reel_c4715.1448,,image/jpeg,eng,Public domain,,
coll295,oocihm.lac_reel_c4715.1449.jpg,,,Copy of a Rehott of a committee of the Honotalle the Privy Council ahhtound by his excellency the Governor General in council,,1873-07-18,,,N/A,,,,oocihm.lac_reel_c4715.1449,,image/jpeg,eng,Public domain,,
coll296,oocihm.lac_reel_c4715.1450.jpg,,,,,,,,,,,,oocihm.lac_reel_c4715.1450,,image/jpeg,eng,Public domain,,
coll297,oocihm.lac_reel_c4715.1451.jpg,,,,,,,,,,,,oocihm.lac_reel_c4715.1451,,image/jpeg,eng,Public domain,,
coll298,oocihm.lac_reel_c4715.1452.jpg,,,,,,,,,,,,oocihm.lac_reel_c4715.1452,,image/jpeg,eng,Public domain,,
coll299,oocihm.lac_reel_c4715.1453.jpg,,,,,,,,,,,,oocihm.lac_reel_c4715.1453,,image/jpeg,eng,Public domain,,
coll300,oocihm.lac_reel_c4715.1454.jpg,,,,,,,,,,,,oocihm.lac_reel_c4715.1454,,image/jpeg,eng,Public domain,,